<?xml version="1.0" encoding="UTF-8"?>
<!DOCTYPE sailpoint PUBLIC "sailpoint.dtd" "sailpoint.dtd">
<sailpoint>
<ImportAction name="merge">
<Configuration name="Configure-Entitlement-Mgmt-ApprovalFrameWorkMappings">
	<Attributes>
		<Map>
			<entry key="EligibleRequestTypeApprovals">
				<value>
					<Map>
						<!-- Interactive -->
						<entry key="EntitlementCreate">
						<value>
						<List>
						<String>systemEntOwners</String>
						<String>entBusApprovers</String>
						<String>additionalEntBusApprovers</String>
						<String>apEntMgmtAdminApprover</String>
						</List>
						</value>
						</entry>
						<entry key="EntitlementEdit">
						<value>
						<List>
						<String>systemEntOwners</String>
						<String>entBusApprovers</String>
						<String>additionalEntBusApprovers</String>
						<String>apEntMgmtAdminApprover</String>
						</List>
						</value>
						</entry>
						<entry key="EntitlementExpiring">
						<value>
						<List>
						<String>entBusApprovers</String>
						<String>additionalEntBusApprovers</String>
						<String>apEntMgmtAdminApprover</String>
						</List>
						</value>
						</entry>
						<entry key="EntitlementOrphan">
						<value>
						<List>
						<String>entBusApprovers</String>
						<String>additionalEntBusApprovers</String>
						<String>apEntMgmtAdminApprover</String>
						</List>
						</value>
						</entry>
						<entry key="EntitlementExpired">
						<value>
						<List>
						<String>systemEntOwners</String>
						<String>entBusApprovers</String>
						<String>additionalEntBusApprovers</String>
						<String>apEntMgmtAdminApprover</String>
						</List>
						</value>
						</entry>
					</Map>
				</value>
			</entry>
			<entry key="ApprovalTypes">
				<value>
					<Attributes>
						<Map>
							<entry key="CommonApprovalsTemplate">
								<value>
									<Attributes>
										<Map>
											<entry key="defaultApprovalMode" value="any" />
											<entry key="displayName" value="Owner" />
											<entry key="useDefaultWorkItemConfig" value="true" />
										</Map>
									</Attributes>
								</value>
							</entry>
							<entry key="systemEntOwners">
								<value>
									<Attributes>
										<Map>
											<entry key="template" value="CommonApprovalsTemplate" />
											<entry key="displayName" value="Owners Approver" />
											<entry key="getApprovalBusApproversRule" value="method:frameWorkApproversRule" />
											<!-- checkApprovalRequiredRule - This entry contains the name of a custom 
											rule library method, which contains the logic to determine if this approval type
											is needed for a specific request type and approval item. This entry should not be changed
											or removed.
											-->
											<entry key="checkApprovalRequiredRule" value="method:skipOrOverrideorGetOwnersLevelApprovals" />
										</Map>
									</Attributes>
								</value>
							</entry>		
							<entry key="entBusApprovers">
								<value>
									<Attributes>
										<Map>
											<entry key="template" value="CommonApprovalsTemplate" />
											<entry key="displayName" value="1st Level Business Approvers" />
											<entry key="getApprovalBusApproversRule" value="method:frameWorkApproversRule" />
											<!-- checkApprovalRequiredRule - This entry contains the name of a custom 
											rule library method, which contains the logic to determine if this approval type
											is needed for a specific request type and approval item. This entry should not be changed
											or removed.
											-->
											<entry key="checkApprovalRequiredRule" value="method:skipOrOverrideorGetEntitlementFirstLevelApprovals" />
										</Map>
									</Attributes>
								</value>
							</entry>	
							<entry key="additionalEntBusApprovers">
								<value>
									<Attributes>
										<Map>
											<entry key="template" value="CommonApprovalsTemplate" />
											<entry key="displayName" value="2nd Level Business Approvers" />
											<entry key="getApprovalBusApproversRule" value="method:frameWorkApproversRule"/>
											<!-- checkApprovalRequiredRule - This entry contains the name of a custom 
											rule library method, which contains the logic to determine if this approval type
											is needed for a specific request type and approval item. This entry should not be changed
											or removed.
											-->
											<entry key="checkApprovalRequiredRule" value="method:skipOrOverrideorGetEntitlementSecondLevelApprovals" />
										</Map>
									</Attributes>
								</value>
							</entry>	
							<entry key="apEntMgmtAdminApprover">
								<value>
									<Attributes>
										<Map>
											<entry key="template" value="CommonApprovalsTemplate" />
											<entry key="displayName" value="Application Administrator" />
											<entry key="getApprovalBusApproversRule" value="method:frameWorkApproversRule" />
											<!-- checkApprovalRequiredRule - This entry contains the name of a custom 
											rule library method, which contains the logic to determine if this approval type
											is needed for a specific request type and approval item. This entry should not be changed
											or removed.
											-->
											<entry key="checkApprovalRequiredRule" value="method:skipOrOverrideorGetEntitlementAdminOwnerLevelApprovals" />
										</Map>
									</Attributes>
								</value>
							</entry>
						</Map>
					</Attributes>
				</value>			
			</entry>
			<entry key="DefaultWorkItemConfig">
				<value>
					<Attributes>
						<Map>
							<entry key="disableApprovalNotifications" value="false" />
							<entry key="notifyEmailTemplate" value="EmailTemplate-Entitlement-Mgmt-FrameworkApproval" />
							<entry key="reminderEmailTemplate" value="EmailTemplate-Entitlement-Mgmt-FrameworkReminder" />
							<entry key="escalationEmailTemplate" value="EmailTemplate-Entitlement-Mgmt-FrameworkEscalation" />
							<entry key="escalationStyle" value="both" />
							<entry key="hoursBetweenReminders" value="24" />
							<entry key="hoursTillEscalation" value="24" />
							<entry key="hoursTillExpiration" value="168" />
							<entry key="maxReminders" value="3" />
							<entry key="escalationRule" value="Rule-FrameworkEntitlementMgtEscalationType" />
							<entry key="escalationType" value="emailToManager" />
							<entry key="electronicSignature" value="No Electronic Signature Required" /> 
							<entry key="escalationSameLevelRule" value="" />
						</Map>
					</Attributes>
				</value>
			</entry>
  		</Map>
	</Attributes>
</Configuration>
</ImportAction>
</sailpoint>
