<?xml version="1.0" encoding="UTF-8"?>
<!DOCTYPE sailpoint PUBLIC "sailpoint.dtd" "sailpoint.dtd">
<sailpoint>
<ImportAction name="merge">
<Configuration name="Configuration-Entitlement-Mgmt-EmailTextMapping">
  <Attributes>
    <Map>
      <entry key="EntitlementCreate">
        <value>
          <Map>
             <entry key="EmailTemplate-Entitlement-Mgmt-FrameworkApproval">
			<!--<value>
					<Map>
						<entry key="Active Directory">
							<value>
									<Map>
										<entry key="Create" value="Test Dynamic Content $sysDisplayName $authSearchAttributes $acctAggregationEnd $allowAutoPartitioning $apEntMgmtSystemOwnerAttrName" />
									</Map>
							</value>
						</entry>
					</Map>
			</value>-->
			</entry>
            <entry key="EmailTemplate-Entitlement-Mgmt-FrameworkAutoRejection">
            </entry>
            <entry key="EmailTemplate-Entitlement-Mgmt-FrameworkRejection">
            </entry>
            <entry key="EmailTemplate-Entitlement-Mgmt-FrameworkEscalation">
            </entry>
            <entry key="EmailTemplate-Entitlement-Mgmt-FrameworkReminder">
            </entry>
            <entry key="EmailTemplate-Entitlement-Mgmt-FrameworkRequestCompletion">
            </entry>
            <entry key="EmailTemplate-Entitlement-Mgmt-FrameworkRequestSubmission">
            </entry>
            <entry key="EmailTemplate-Entitlement-Mgmt-FrameworkPendingManualChanges">
            </entry>
           </Map>
        </value>
      </entry>
      <entry key="EntitlementEdit">
        <value>
          <Map>
            <entry key="EmailTemplate-Entitlement-Mgmt-FrameworkApproval">
            </entry>
            <entry key="EmailTemplate-Entitlement-Mgmt-FrameworkAutoRejection">
            </entry>
            <entry key="EmailTemplate-Entitlement-Mgmt-FrameworkRejection">
            </entry>
            <entry key="EmailTemplate-Entitlement-Mgmt-FrameworkEscalation">
            </entry>
            <entry key="EmailTemplate-Entitlement-Mgmt-FrameworkReminder">
            </entry>
            <entry key="EmailTemplate-Entitlement-Mgmt-FrameworkRequestCompletion">
            </entry>
            <entry key="EmailTemplate-Entitlement-Mgmt-FrameworkRequestSubmission">
            </entry>
            <entry key="EmailTemplate-Entitlement-Mgmt-FrameworkPendingManualChanges">
            </entry>
           </Map>
        </value>
      </entry>
      <entry key="EntitlementOrphan">
        <value>
          <Map>
            <entry key="EmailTemplate-Entitlement-Mgmt-FrameworkApproval">
            </entry>
            <entry key="EmailTemplate-Entitlement-Mgmt-FrameworkAutoRejection">
            </entry>
            <entry key="EmailTemplate-Entitlement-Mgmt-FrameworkEscalation">
            </entry>
            <entry key="EmailTemplate-Entitlement-Mgmt-FrameworkReminder">
            </entry>
            <entry key="EmailTemplate-Entitlement-Mgmt-FrameworkPendingManualChanges">
            </entry>
            <entry key="EmailTemplate-Entitlement-Mgmt-FrameworkOrphan">
            </entry>
           </Map>
        </value>
      </entry>
       <entry key="EntitlementExpired">
        <value>
          <Map>
            <entry key="EmailTemplate-Entitlement-Mgmt-FrameworkApproval">
            </entry>
            <entry key="EmailTemplate-Entitlement-Mgmt-FrameworkAutoRejection">
            </entry>
            <entry key="EmailTemplate-Entitlement-Mgmt-FrameworkEscalation">
            </entry>
            <entry key="EmailTemplate-Entitlement-Mgmt-FrameworkReminder">
            </entry>
            <entry key="EmailTemplate-Entitlement-Mgmt-FrameworkPendingManualChanges">
            </entry>
            <entry key="EmailTemplate-Entitlement-Mgmt-FrameworkExpired">
            </entry>
           </Map>
        </value>
      </entry>
       <entry key="EntitlementExpiring">
        <value>
          <Map>
            <entry key="EmailTemplate-Entitlement-Mgmt-FrameworkApproval">
            </entry>
            <entry key="EmailTemplate-Entitlement-Mgmt-FrameworkAutoRejection">
            </entry>
            <entry key="EmailTemplate-Entitlement-Mgmt-FrameworkEscalation">
            </entry>
            <entry key="EmailTemplate-Entitlement-Mgmt-FrameworkReminder">
            </entry>
            <entry key="EmailTemplate-Entitlement-Mgmt-FrameworkPendingManualChanges">
            </entry>
            <entry key="EmailTemplate-Entitlement-Mgmt-FrameworkExpiring">
            </entry>
           </Map>
        </value>
      </entry>
    </Map>
  </Attributes>
</Configuration>
</ImportAction>
</sailpoint>