<?xml version="1.0" encoding="UTF-8"?>
<!DOCTYPE sailpoint PUBLIC "sailpoint.dtd" "sailpoint.dtd">
<sailpoint>
<ImportAction name="merge">
<Configuration name="Entitlement-Mgmt-Configuration-Config">
  <Attributes>
    <Map>
      <entry key="apAllowNoApprovalsForCreateAndEdit" value="TRUE"/>
      <entry key="identityWorkflow" value="LCM Provisioning"/>
      <entry key="implicitApprovalIncludeWorkgroups">
       <value>
        <Boolean>false</Boolean>
       </value>
      </entry>
      <entry key="identityRequestType" value="Normal"/>
      <!-- Notifications -->
     <entry key="AutoRejection" value="EmailTemplate-Entitlement-Mgmt-FrameworkAutoRejection"/>
     <entry key="Rejection" value="EmailTemplate-Entitlement-Mgmt-FrameworkRejection"/>
     <entry key="RequestSubmission" value="EmailTemplate-Entitlement-Mgmt-FrameworkRequestSubmission"/>
     <entry key="RequestCompletion" value="EmailTemplate-Entitlement-Mgmt-FrameworkRequestCompletion"/>
     <entry key="PendingManualChanges" value="EmailTemplate-Entitlement-Mgmt-FrameworkPendingManualChanges"/>
     <entry key="Expiring" value="EmailTemplate-Entitlement-Mgmt-FrameworkExpiring"/>
     <entry key="Orphan" value="EmailTemplate-Entitlement-Mgmt-FrameworkOrphan"/>
     <entry key="Expired" value="EmailTemplate-Entitlement-Mgmt-FrameworkExpired"/>
     <entry key="LeaverSync" value="EmailTemplate-Entitlement-Mgmt-FrameworkLeaverSync"/>
     <!-- Email Subject for Notifications -->
     <entry key="ExpiredSubject" value="Group Expired Today"/>
     <entry key="OrphanSubject" value="Orphan Group"/>
     <entry key="ExpiringSubject" value="Group is Expiring "/>
     <entry key="LeaverSyncSubject" value="Managed System Owner Leaver Synchronization"/>
     <!-- Workflow Case Prefix Names -->
     <entry key="AddCaseName" value="Group Management Add Members"/>
     <entry key="RemoveCaseName" value="Group Management Remove Members"/>
     <!-- Translation Keys Start-->
     <entry key="apEntAppModeTranslationKeysMap">
      <value>
      <Map>
      <entry key="systemEntOwners" value="Owners"/>
      <entry key="entBusApprovers" value="1st Level Business Approvers"/>
      <entry key="additionalEntBusApprovers" value="2nd Level Business Approvers"/>
      <entry key="apEntMgmtAdminApprover" value="Application Administrator"/>
      <entry key="None" value="No Approval"/>
      </Map>
      </value>
      </entry> 
      <!-- Prefix Key with TranslationKeysMap for Map Definition for example  apEntAppModeTranslationKeysMap for key apEntAppMode-->
      <entry key="translationKeys">
       <value>
          <List>
            <String>apEntAppMode</String>
          </List>
        </value>
      </entry>
     <!-- Translation Keys End -->
      <!-- Approvals Start -->
      <entry key="approvalKeysToCollapse">
       <value>
          <List>
            <String>entBusApprovers</String>
            <String>additionalEntBusApprovers</String>
          </List>
        </value>
      </entry>
      <!-- Approvals End -->
      <!-- Comma Separated Keys Start -->
       <entry key="commaSeparatedKeys">
       <value>
          <List>
            <String>entBusApprovers</String>
            <String>additionalEntBusApprovers</String>
            <String>apEntAppMode</String>
            <String>apdataClassification</String>
            <String>apentcertFreq</String>
            <String>apbirthrightPopulations</String>
            <String>apaccountType</String>
          </List>
        </value>
      </entry>
      <!-- Comma Separated Keys End -->
     <!-- Maximum Membership To Manage Start-->
     <entry key="maxMembershipToManage">
      <value>
      <Integer>1000</Integer>
      </value>
      </entry> 
      <!-- Maximum Membership To Manage End-->
     <!-- Provisioning Start -->
     <!-- The interval in minutes to wait to retry the request -->
      <entry key="provisioningRetryThreshold">
      <value>
      <Integer>720</Integer>
      </value>
      </entry> 
      <!-- The maximum number of retries that will be attempted before failure 
		of the provisioning -->
      <entry key="provisioningMaxRetries">
      <value>
      <Integer>3</Integer>
      </value>
      </entry> 
       <entry key="generateRequestId">
      <value>
      <Boolean>true</Boolean>
      </value>
      </entry>
      <entry key="undoEntitlementChangesOnFailure" value="TRUE"/>
      <!-- Provisioning End -->
      <!-- Leaver Synchronization 1st Level and 2nd Level Business Approvers Start-->
      <entry key="leaverSyncStewards">
      <value>
      <Boolean>true</Boolean>
      </value>
      </entry>
      <entry key="leaverSyncCustodians">
      <value>
      <Boolean>true</Boolean>
      </value>
      </entry>
      <!-- Leaver Synchronization 1st Level and 2nd Level Business Approvers End-->
      <!-- Edit My Entitlements Scoping Start -->
      <entry key="allowStewardsScoping">
      <value>
      <Boolean>true</Boolean>
      </value>
      </entry>
      <entry key="allowCustodiansScoping">
      <value>
      <Boolean>true</Boolean>
      </value>
      </entry>
       <!-- Edit My Entitlements Scoping End -->
      <entry key="collapseApprovers">
      <value>
      <Boolean>true</Boolean>
      </value>
      </entry>
      <entry key="collapseOwners">
      <value>
      <Boolean>true</Boolean>
      </value>
      </entry>
      <entry key="createOwnersWorkGroup">
      <value>
      <Boolean>true</Boolean>
      </value>
      </entry>
      <entry key="createApproversWorkGroup">
      <value>
      <Boolean>true</Boolean>
      </value>
      </entry>
      <entry key="includeInheritance">
      <value>
      <Boolean>true</Boolean>
      </value>
      </entry>
      <entry key="includeMembership">
      <value>
      <Boolean>true</Boolean>
      </value>
      </entry>
     <entry key="removeAttributeAssignments">
      <value>
       <Boolean>true</Boolean>
      </value>
     </entry>
      <!-- This must be turned on for delta detections -->
      <entry key="includePrevious">
      <value>
      <Boolean>true</Boolean>
      </value>
      </entry>
      <!-- ByPass Entitlement Catalog Provisioning Conditions Start, Manual Work Items can be generated for direct and indirect connectors by bypassing system, provisioning, policy params -->
      <entry key="apIgnoreGlobalEntmgtProvisioning" value="TRUE"/>
   	  <entry key="apIgnoreSchemaProvisioning" value="TRUE"/>
   	  <entry key="apIgnoreFormPolicyProvisioning" value="TRUE"/>
   	  <!-- ByPass Entitlement Catalog Provisioning Conditions End -->
      <!-- Provisioning End-->
      <!-- Auto Approve and Auto Reject Messages Start -->
      <entry key="autoApproveMessage" value="Auto Approved By IdentityIQ System"/>
      <entry key="autoRejectMessage" value="Auto Rejected By IdentityIQ System"/>
      <!-- Auto Approve and Auto Reject Messages End -->
      <!-- Change Summary Display Name Attributes Start -->
      <entry key="inheritedEntGroupNames" value="Inherited"/>
      <entry key="inheritingEntGroupNames" value="Inheriting"/>
      <entry key="ownerDisplayNames" value="Owners"/>
      <entry key="memberDisplayNames" value="Members"/>
      <entry key="stewardsDisplayNames" value="1st Level Business Approvers"/>
      <entry key="custodiansDisplayNames" value="2nd Level Business Approvers"/>
      <!-- Change Summary Display Name Attributes End -->
      <!-- Notification Attributes Start-->
      <entry key="requestorExpiringName" value="Automated Expiration Notifications"/>
      <entry key="requestorExpiredName" value="Automated Expired Notifications"/>
      <entry key="requestorOrphanName" value="Automated Orphan Notifications"/>
      <entry key="requestorLeaverSyncName" value="Automated Leaver Synchronization Notifications"/>
      <!-- Notification Attributes End-->
      <entry key="orphanWorkItemDescription" value="Orphan Group Details"/>
      <entry key="expiringWorkItemDescription" value="Expiring Group Details"/>
      <entry key="leaverSyncWorkItemDescription" value="Leaver Synchronization from"/>
      <!-- Work Item Descriptions Start -->
      <!-- Work Item Descriptions End -->
      <!-- Implicit Auto Approve -->
   	  <entry key="apEnableAutoApprovalsEntitlementRequest" value="TRUE"/>
   	   <!-- Create Entitlement Form Validation Rule -->
   	  <entry key="apCreateEntitlementDisplayNameValidationRule" value=""/>
   	  <!-- Create Entitlement Form Object Type Override, Default is defined in Create Workflow -->
   	  <entry key="createObjectTypeSelectCustomForm" value=""/>
   	  <!-- Create Entitlement Form, Default is defined in Create Workflow -->
      <entry key="createEntitlementCustomForm" value=""/>
      <!-- Create Entitlement Confirmation Form, Default is defined in Create Workflow -->
      <entry key="createEntitlementCustomConfirmationForm" value=""/>
      <!-- Create Entitlement Skip Confirmation Form, Default is defined in Create Workflow -->
      <entry key="createEntitlementSkipConfirmation">
      <value>
      <Boolean>false</Boolean>
      </value>
      </entry>
      <!-- Edit Entitlement Form, Default is defined in Edit Workflow -->
      <entry key="editEntitlementCustomForm" value=""/>
      <!-- Edit Entitlement Confirmation Form, Default is defined in Edit Workflow -->
      <entry key="editEntitlementCustomConfirmationForm" value=""/>
      <!-- Edit Entitlement Skip Confirmation Form, Default is defined in Edit Workflow -->
      <entry key="editEntitlementSkipConfirmation">
      <value>
      <Boolean>false</Boolean>
      </value>
      </entry>
      <!-- Workgroup Name Start-->
      <entry key="apWorkgroupPrefixOwners">
        <value>
          <List>
            <String>property.displayName</String>
          </List>
        </value>
      </entry>
       <entry key="apWorkgroupPrefixLevelOne">
        <value>
          <List>
            <String>property.displayName</String>
            <String>1st Level Business Approvers</String>
          </List>
        </value>
      </entry>
      <entry key="apWorkgroupPrefixLevelTwo">
        <value>
          <List>
            <String>property.displayName</String>
            <String>2nd Level Business Approvers</String>
          </List>
        </value>
      </entry>
      <!-- IdentityIQ Application Access -->
      <entry key="ownershipSyncCertificationApplication" value="IdentityIQ Access"/>
      <entry key="ownershipSyncCertificationApplicationAttr" value="workgroups.name"/>
      <entry key="ownershipSyncCertificationApplicationType" value="workgroup"/>
       <!-- Commit Limit -->
      <entry key="commitLimit">
      <value>
      <Integer>1000</Integer>
      </value>
      </entry> 
      <entry key="apWorkgroupPrefixLevelOneSeparator" value="-"/>
   	  <entry key="apWorkgroupPrefixLevelTwoSeparator" value="-"/>
   	  <entry key="apWorkgroupPrefixOwnersSeparator" value="None"/>
      <!-- Workgroup Name End-->
      <!-- Create Workgroups during Create and Edit Enitlement Flags Start-->
      <entry key="createIIQMe">
      <value>
      <Boolean>true</Boolean>
      </value>
      </entry>
      <entry key="updateIIQMe">
      <value>
      <Boolean>false</Boolean>
      </value>
      </entry>
      <entry key="selfAccessRequest">
      <value>
      <Boolean>true</Boolean>
      </value>
      </entry>
      <entry key="selfCampaign">
      <value>
      <Boolean>true</Boolean>
      </value>
      </entry>
      <entry key="selfAccessRequestAttr">
      <value>
      <Map>
      <entry key="entBusApprovers" value="entBusApprovers"/>
      <entry key="additionalEntBusApprovers" value="additionalEntBusApprovers"/>
      </Map>
      </value>
      </entry>
       <!-- Create Workgroups during Create and Edit Enitlement Flags End-->
      <!-- Edit Select Form Override, Default is defined in Edit Workflow -->
   	  <entry key="entitlementSelectCustomForm" value=""/>
   	  <!-- Expiring Entitlement Form, Default is defined in Edit Workflow -->
      <entry key="expiringEntitlementCustomForm" value=""/>
      <!-- Expiring Entitlement Confirmation Form, Default is defined in Edit Workflow -->
      <entry key="expiringEntitlementCustomConfirmationForm" value=""/>
      <!-- Expiring Entitlement Skip Confirmation Form, Default is defined in Edit Workflow -->
      <entry key="expiringEntitlementSkipConfirmation">
      <value>
      <Boolean>false</Boolean>
      </value>
      </entry>
      <!-- Orphan Entitlement Form, Default is defined in Edit Workflow -->
      <entry key="orphanEntitlementCustomForm" value=""/>
      <!-- Orphan Entitlement Confirmation Form, Default is defined in Edit Workflow -->
      <entry key="orphanEntitlementCustomConfirmationForm" value=""/>
      <!-- Orphan Entitlement Skip Confirmation Form, Default is defined in Edit Workflow -->
      <entry key="orphanEntitlementSkipConfirmation">
      <value>
      <Boolean>false</Boolean>
      </value>
      </entry>
      <!-- Following Keys can be Defined / Application. Application settings takes precedence over Global settings -->
      <!-- Global Admin Settings Start -->
      <entry key="apEntMgmtAdminApprover" value="Global Entitlement Administrator"/>
   	  <!-- Global Admin Settings End -->
      <!-- Global Create Entitlement Global Settings Start -->
      <entry key="apEntMgmtCreatePreFormRule" value=""/>
      <entry key="apEntMgmtCreatePostFormRule" value=""/>
      <entry key="apEntMgmtCreatePreProvisionRule" value=""/>
      <entry key="apEntMgmtCreatePostProvisionRule" value=""/>
     <entry key="apEntMgmtCreatePreConfirmationFormRule" />
     <entry key="apEntMgmtEditPreConfirmationFormRule" />

      <!-- Global Create Entitlement Global Settings End -->
      <!-- Global Edit Entitlement Global Settings Start -->
      <entry key="apEntMgmtEditPreFormRule" value=""/>
      <entry key="apEntMgmtEditPostFormRule" value=""/>
      <entry key="apEntMgmtEditPreProvisionRule" value=""/>
      <entry key="apEntMgmtEditPostProvisionRule" value=""/>
      <!-- Global Edit Entitlement Global Settings End -->
      <!-- Global Expiring Entitlement Global Settings Start -->
      <entry key="apEntMgmtExpiringPreFormRule" value=""/>
      <entry key="apEntMgmtExpiringPostFormRule" value=""/>
      <entry key="apEntMgmtExpiringPreProvisionRule" value=""/>
      <entry key="apEntMgmtExpiringPostProvisionRule" value=""/>
      <!-- Global Expiring Entitlement Global Settings End -->
      <!-- Global Orphan Entitlement Global Settings Start -->
      <entry key="apEntMgmtOrphanPreFormRule" value=""/>
      <entry key="apEntMgmtOrphanPostFormRule" value=""/>
      <entry key="apEntMgmtOrphanPreProvisionRule" value=""/>
      <entry key="apEntMgmtOrphanPostProvisionRule" value=""/>
      <!-- Global Orphan Entitlement Global Settings End -->
    </Map>
  </Attributes>
</Configuration>
</ImportAction>
</sailpoint>