<?xml version='1.0' encoding='UTF-8'?>
<!DOCTYPE sailpoint PUBLIC "sailpoint.dtd" "sailpoint.dtd">
<sailpoint>
   <DynamicScope name="Group Business Analyst">
	  <Description>This Dynamic Scope will allow anyone  that belongs to the Workgroup access to the QuickLinks</Description>
	  <Selector>
	    <IdentitySelector>
	      <MatchExpression>
	        <MatchTerm name="workgroups" value="Group Management Technical Team"/>
	      </MatchExpression>
	    </IdentitySelector>
	  </Selector>
  </DynamicScope>
  <DynamicScope name="DynamicScope-Entitlement-Mgmt-Create">
    <Selector>
      <IdentitySelector>
      	<PopulationRef>
			<Reference class="sailpoint.object.GroupDefinition" name="Pop-Entitlement-Mgmt-Employees"/>      	
      	</PopulationRef>
      </IdentitySelector>
    </Selector>
  </DynamicScope>
  <DynamicScope name="DynamicScope-Entitlement-Mgmt-Owners">
    <Selector>
      <IdentitySelector>
      	<PopulationRef>
			<Reference class="sailpoint.object.GroupDefinition" name="Pop-Entitlement-Mgmt-Owners"/>      	
      	</PopulationRef>
      </IdentitySelector>
    </Selector>
  </DynamicScope>
  <DynamicScope name="DynamicScope-Entitlement-Mgmt-Admins">
    <Selector>
      <IdentitySelector>
      	<PopulationRef>
			<Reference class="sailpoint.object.GroupDefinition" name="Pop-Entitlement-Mgmt-Admins"/>      	
      	</PopulationRef>
      </IdentitySelector>
    </Selector>
  </DynamicScope>
 <QuickLink name="QuickLink-Entitlement-Mgmt-Create" action="workflow" enabled="true" messageKey="entitlementmanagement_entitlementcreate_quicklink" category="EntitlementManagement">
    <Attributes>
      <Map>
	    <entry key="workflowName" value="Workflow-Entitlement-Mgmt-Create" />
	    <entry key="workflowSuccess" value="" />
      </Map>
    </Attributes>
    <QuickLinkOptions allowSelf="true">
      <DynamicScopeRef>
        <Reference class="sailpoint.object.DynamicScope" name="DynamicScope-Entitlement-Mgmt-Create" />
      </DynamicScopeRef>
    </QuickLinkOptions>
  </QuickLink>
  <QuickLink name="QuickLink-Entitlement-Mgmt-Edit-Admin" action="workflow" enabled="true" messageKey="entitlementmanagement_editgroupadmin_quicklink" category="EntitlementManagement">
    <Attributes>
      <Map>
		<entry key="workflowName" value="Workflow-Entitlement-Mgmt-Edit" />
  		<entry key="isEntitlementAdministrator" value="true" />
		<entry key="workflowSuccess" value="" />
      </Map>
    </Attributes>
    <QuickLinkOptions allowSelf="true">
      <DynamicScopeRef>
        <Reference class="sailpoint.object.DynamicScope" name="DynamicScope-Entitlement-Mgmt-Admins" />
      </DynamicScopeRef>
    </QuickLinkOptions>
  </QuickLink>
  <QuickLink name="QuickLink-Entitlement-Mgmt-Edit" action="workflow" enabled="true" messageKey="entitlementmanagement_entitlementedit_quicklink" category="EntitlementManagement">
    <Attributes>
      <Map>
		<entry key="workflowName" value="Workflow-Entitlement-Mgmt-Edit" />
		<entry key="workflowSuccess" value="" />
      </Map>
    </Attributes>
    <QuickLinkOptions allowSelf="true">
      <DynamicScopeRef>
        <Reference class="sailpoint.object.DynamicScope" name="DynamicScope-Entitlement-Mgmt-Owners" />
      </DynamicScopeRef>
    </QuickLinkOptions>
  </QuickLink>
  <QuickLink action="workflow" messageKey="entitlementmanagement_global_quicklink" name="QuickLink-Global-Entitlement-Management-Configurations" category="EntitlementManagement">
	<Attributes>
		<Map>
			<entry key="workflowSuccess" value="" />
			<entry key="workflowName" value="Workflow-Entitlement-Mgmt-Global" />
		</Map>
	</Attributes>
    <QuickLinkOptions allowSelf="true">
      <DynamicScopeRef>
        <Reference class="sailpoint.object.DynamicScope" name="Group Business Analyst"/>
      </DynamicScopeRef>
    </QuickLinkOptions>
  </QuickLink>
 </sailpoint>