<?xml version='1.0' encoding='UTF-8'?>
<!DOCTYPE Rule PUBLIC "sailpoint.dtd" "sailpoint.dtd">
<Rule language="beanshell" name="Rule-Entitlement-Mgmt-Synchronize-Groups">
  <Signature returnType="String">
    <Inputs>
      <Argument name="log">
        <Description>
          The log object associated with the SailPointContext.
        </Description>
      </Argument>
      <Argument name="context">
        <Description>
          A sailpoint.api.SailPointContext object that can be used to query the database if necessary.
        </Description>
      </Argument>
    </Inputs>
  </Signature>
  <Source>
    <![CDATA[
    		import sailpoint.rapidapponboarding.rule.EntitlementConstants;
    		import sailpoint.rapidapponboarding.rule.EntitlementMgtUtil;
    		import sailpoint.object.ManagedAttribute;
    		import sailpoint.tools.GeneralException;
    		Map wgTypes = new HashMap();
    		List wgNameKeys = new ArrayList();
    		wgNameKeys.add(EntitlementConstants.GLOBAL_ATTR_WORKGROUPOWNERS);
    		wgNameKeys.add(EntitlementConstants.GLOBAL_ATTR_WORKGROUPOWNERSSEP);
    		wgTypes.put(ManagedAttribute.PROV_OWNER,wgNameKeys);
    		//Create Business Approvers
    		//wgNameKeys = new ArrayList();
    		//wgNameKeys.add(EntitlementConstants.GLOBAL_ATTR_WORKGROUPAPPROVERSONE);
    		//wgNameKeys.add(EntitlementConstants.GLOBAL_ATTR_WORKGROUPAPPROVERSONESEP);
    		//wgTypes.put(EntitlementConstants.LEVELONEAPPROVER,wgNameKeys);
    		//wgNameKeys = new ArrayList();
    		//wgNameKeys.add(EntitlementConstants.GLOBAL_ATTR_WORKGROUPAPPROVERSTWO);
    		//wgNameKeys.add(EntitlementConstants.GLOBAL_ATTR_WORKGROUPAPPROVERSTWOSEP);
    		//wgTypes.put(EntitlementConstants.LEVELTWOAPPROVER,wgNameKeys);
    		 Map settings = new HashMap();
    		 settings.put(EntitlementConstants.SYNC_GROUPS_ENT_SCOPING,true);
    		 settings.put(EntitlementConstants.SYNC_GROUPS_SYNC_MEMBERS,false);
    		 settings.put(EntitlementConstants.SYNC_GROUPS_NO_OWNERSHIP_MODEL,true);
    		 settings.put(EntitlementConstants.SYNC_GROUPS_ADD_OWNERS_APPROVERS_AS_MEMBERS,true);
    		 settings.put(EntitlementConstants.SYNC_GROUPS_ADD_MEMERS_AS_MEMBERS,true);
    		 settings.put(EntitlementConstants.SYNC_GROUPS_ADD_MEMERS_AS_MEMBERS_STEWARDS_ONLY,true);
    		 settings.put(EntitlementConstants.SYNC_GROUPS_ADD_MEMERS_AS_MEMBERS_CUSTODIANS_ONLY,true);
    		 settings.put(EntitlementConstants.SYNC_GROUPS_SELF_CAMPAIGN,true);
    		 settings.put(EntitlementConstants.SYNC_GROUPS_SELF_REQUEST,true);
    		 settings.put(EntitlementConstants.SYNC_GROUPS_CREATE_IIQ_ME,true);
    		 settings.put(EntitlementConstants.SYNC_GROUP_UPDATE_IIQ_ME,false);
    		 List targetedApps = new ArrayList();
    		 settings.put(EntitlementConstants.SYNC_GROUP_TARGETED_APPS,targetedApps);
    		try
    		{
	    		/**
				 * Scheduled Task Aggregate All Applications
				 * Onboard Applications for Entitlement Type Scheme
				 * Global Definition Work Group Name Configuration
				 * Use Case 1: Run Synchronization Groups and Workgroups Task to add members
				 * Onboard Applications for Owner Scheme or Define Entitlement Application Administrator on Applications
				 * Use Case 2: Run Synchronization Groups and Workgroups Task to add owners, business approvers
				 * Key - context
				 * Key - wgTypes - Map of Workgroup Types
				 * Key - syncMembers - Compare Workgroup and Managed Entitlement Members and apply changes
				 * Key - addMembersAsMembers - Add Group Members to a Workgroup as members (same as syncMembers) used in conjuction with selfCampaign
				 * Key - addMembersAsMembersToStewardsOnly - Only add group members to Workgroup 1st Level Business Approvers
				 * Key - addMembersAsMembersToCustodiansOnly - Only add group members to Workgroup 2nd Level Business Approvers
				 * Key - addOwnersApproversAsMembers - Add Owners/Approvers as Workgroup Members
				 * Key - noOwnerShipModel - No Ownership Maintained on the Application
				 * Key - entitlementsScoping - Set Owner and Approver's Scoping on Application's Managed Entitlements
				 * Key - selfCampaign - Find Matching Workgroup Entitlement using Loopback connector - Assing Workgroups as Entitlement Owners for Account Group or Entitlement Owner Campaigns
				 * Key - selfAccessRequest - Find Matching Workgroup Entitlement using Loopback connector - Assing Workgroup as 1st Level Business Approvers
				 * Key - selfAccessRequestAttr - Self Access Request Workgroup Attribute (for example 1st Level Business Approvers)
				 * Key - createIIQMe - Create IIQ Workgroup Managed Entitlement If not there
				 * Key - updateIIQMe - Update IIQ Workgroup Managed Entitlement
				 * Key - targetedApps - List of apps for targeted aggregation 
				 * @throws Exception
				 */
    		 	EntitlementMgtUtil.synchronizeGroups(context,wgTypes,settings);
    		}
    		catch(Exception ex)
    		{
    			throw new GeneralException("Error Synchronizing Groups.."+ex.getMessage());
    		}
    		return "Success";
    ]]>
  </Source>
</Rule>
