<?xml version='1.0' encoding='UTF-8'?>
<!DOCTYPE Rule PUBLIC "sailpoint.dtd" "sailpoint.dtd">
<Rule language="beanshell" name="Rule-Entitlement-Mgmt-Synchronize-Groups-Membership">
  <Signature returnType="String">
    <Inputs>
      <Argument name="log">
        <Description>
          The log object associated with the SailPointContext.
        </Description>
      </Argument>
      <Argument name="context">
        <Description>
          A sailpoint.api.SailPointContext object that can be used to query the database if necessary.
        </Description>
      </Argument>
    </Inputs>
  </Signature>
  <Source>
    <![CDATA[
    		import sailpoint.rapidapponboarding.rule.EntitlementConstants;
    		import sailpoint.rapidapponboarding.rule.EntitlementMgtUtil;
    		import sailpoint.object.ManagedAttribute;
    		import sailpoint.tools.GeneralException;
    		Map wgTypes = new HashMap();
    		List wgNameKeys = new ArrayList();
    		wgNameKeys.add(EntitlementConstants.GLOBAL_ATTR_WORKGROUPOWNERS);
    		wgNameKeys.add(EntitlementConstants.GLOBAL_ATTR_WORKGROUPOWNERSSEP);
    		wgTypes.put(ManagedAttribute.PROV_OWNER,wgNameKeys);
    		//Create Business Approvers
    		//wgNameKeys = new ArrayList();
    		//wgNameKeys.add(EntitlementConstants.GLOBAL_ATTR_WORKGROUPAPPROVERSONE);
    		//wgNameKeys.add(EntitlementConstants.GLOBAL_ATTR_WORKGROUPAPPROVERSONESEP);
    		//wgTypes.put(EntitlementConstants.LEVELONEAPPROVER,wgNameKeys);
    		//wgNameKeys = new ArrayList();
    		//wgNameKeys.add(EntitlementConstants.GLOBAL_ATTR_WORKGROUPAPPROVERSTWO);
    		//wgNameKeys.add(EntitlementConstants.GLOBAL_ATTR_WORKGROUPAPPROVERSTWOSEP);
    		//wgTypes.put(EntitlementConstants.LEVELTWOAPPROVER,wgNameKeys);
    		 Map settings = new HashMap();
    		 settings.put(EntitlementConstants.SYNC_GROUPS_ENT_SCOPING,false);
    		 settings.put(EntitlementConstants.SYNC_GROUPS_SYNC_MEMBERS,true);
    		 settings.put(EntitlementConstants.SYNC_GROUPS_NO_OWNERSHIP_MODEL,false);
    		 settings.put(EntitlementConstants.SYNC_GROUPS_ADD_OWNERS_APPROVERS_AS_MEMBERS,false);
    		 settings.put(EntitlementConstants.SYNC_GROUPS_ADD_MEMERS_AS_MEMBERS,false);
    		 settings.put(EntitlementConstants.SYNC_GROUPS_SELF_CAMPAIGN,false);
    		 settings.put(EntitlementConstants.SYNC_GROUPS_SELF_REQUEST,false);
    		 settings.put(EntitlementConstants.SYNC_GROUPS_CREATE_IIQ_ME,false);
    		 settings.put(EntitlementConstants.SYNC_GROUP_UPDATE_IIQ_ME,false);
    		 List targetedApps = new ArrayList();
    		 settings.put(EntitlementConstants.SYNC_GROUP_TARGETED_APPS,targetedApps);
    		try
    		{
    		/**
			 * Scheduled Task Aggregate All Applications
			 * Onboard Applications for Entitlement Type Scheme
			 * Global Definition Work Group Name Configuration
			 * Use Case 1: Run Synchronization to sync Groups and Workgroups Membership
			 */
    			EntitlementMgtUtil.synchronizeGroupsMembership(context,wgTypes,settings);
    		}
    		catch(Exception ex)
    		{
    			throw new GeneralException("Error Synchronizing Groups Membership.."+ex.getMessage());
    		}
    		return "Success";
    ]]>
  </Source>
</Rule>
