<?xml version='1.0' encoding='UTF-8'?>
<!DOCTYPE TaskDefinition PUBLIC "sailpoint.dtd" "sailpoint.dtd">
<TaskDefinition name="Synchronize Groups and Work Groups Membership" resultAction="RenameNew" subType="task_item_type_generic" type="Generic">
  <Attributes>
    <Map>
      <entry key="ruleName" value="Rule-Entitlement-Mgmt-Synchronize-Groups-Membership"/>
    </Map>
  </Attributes>
  <Description>Synchronize Group and Workgroups</Description>
  <Parent>
    <Reference class="sailpoint.object.TaskDefinition" name="Run Rule"/>
  </Parent>
</TaskDefinition>
