<?xml version='1.0' encoding='UTF-8'?>
<!DOCTYPE TaskDefinition PUBLIC "sailpoint.dtd" "sailpoint.dtd">
<TaskDefinition name="Expiring Entitlements" resultAction="RenameNew" subType="task_item_type_generic" type="Generic">
  <Attributes>
    <Map>
      <entry key="ruleName" value="Rule-Entitlement-Mgmt-Expiring"/>
    </Map>
  </Attributes>
  <Description>Create Expiring WorkItems for Owners</Description>
  <Parent>
    <Reference class="sailpoint.object.TaskDefinition" name="Run Rule"/>
  </Parent>
</TaskDefinition>
