<?xml version="1.0" encoding="UTF-8"?>
<!DOCTYPE Identity PUBLIC "sailpoint.dtd" "sailpoint.dtd">
<Identity name="Group Management Technical Team" workgroup="true"  protected="true">
  <Attributes>
    <Map>
      <entry key="displayName" value="Group Management Technical Team"/>
      <entry key="email" value=""/>
     </Map>
  </Attributes>
<Preferences>
    <Map>
      <entry key="workgroupNotificationOption">
        <value>
          <WorkgroupNotifationOption>Both</WorkgroupNotifationOption>
        </value>
      </entry>
    </Map>
  </Preferences>
</Identity>
