<property name="apentExp" type="string" length="450" access="sailpoint.persistence.ExtendedPropertyAccessor" index="spt_manag_atr_entExp_ci"/>
<property name="apdataClassification" type="string" length="450" access="sailpoint.persistence.ExtendedPropertyAccessor" index="spt_manag_atr_dataClass_ci"/>
<property name="apentcertFreq" type="string" length="450" access="sailpoint.persistence.ExtendedPropertyAccessor" index="spt_manag_atr_certFreq_ci"/>
<property name="apentlastAction" type="string" length="450" access="sailpoint.persistence.ExtendedPropertyAccessor" index="spt_manag_atr_entAction_ci"/>
<!--COMMENT OUT BELOW IF ACCELERATOR PACK IS INSTALLED -->
<property name="entBusApprovers" type="string" length="450" access="sailpoint.persistence.ExtendedPropertyAccessor" index="spt_manag_atr_eBusApp_ci"/>
<property name="additionalEntBusApprovers" type="string" length="450" access="sailpoint.persistence.ExtendedPropertyAccessor" index="spt_manag_atr_addEntBusApr_ci"/>
<property name="isBirthright" type="string" length="450" access="sailpoint.persistence.ExtendedPropertyAccessor" index="spt_manag_atr_birth_ci"/>
<property name="entAppName" type="string" length="450" access="sailpoint.persistence.ExtendedPropertyAccessor" index="spt_manag_atr_eAppName_ci"/>
<property name="entPrivileged" type="string" length="450" access="sailpoint.persistence.ExtendedPropertyAccessor" index="spt_manag_atr_entPrivilgd_ci"/>
<property name="manualOverride" type="string" length="450" access="sailpoint.persistence.ExtendedPropertyAccessor" index="spt_manag_atr_manOver_ci"/>