<?xml version='1.0' encoding='UTF-8'?>
<!DOCTYPE EmailTemplate PUBLIC "sailpoint.dtd" "sailpoint.dtd">
<EmailTemplate name="EmailTemplate-Entitlement-Mgmt-FrameworkEscalation">
	<Body>
				<![CDATA[
		#set($ctx = $spTools.class.forName("sailpoint.api.SailPointFactory").getMethod("getFactory", null).invoke(null,null).getCurrentContext())
		#set($ruleObj = $ctx.getObjectByName($spTools.class.forName("sailpoint.object.Rule"), "Rule-Framework-Entitlement-Management-Header-Footer-StyleSheet")) 
		#set($ruleArgs = { 
		    "keyEmailTemplate"  : "styleSheet"
		}) 
		#set($styleSheet = $ctx.runRule($ruleObj, $ruleArgs))
		#if( $ruleObj )
		$ctx.decache($ruleObj)
		#end
		#set($ruleObj = $ctx.getObjectByName($spTools.class.forName("sailpoint.object.Rule"), "Rule-Framework-Entitlement-Management-Header-Footer-StyleSheet")) 
		#set($ruleArgs = { 
		    "keyEmailTemplate"  : "headerTemplate"
		}) 
		#set($headerTemplate = $ctx.runRule($ruleObj, $ruleArgs))
		#if( $ruleObj )
		$ctx.decache($ruleObj)
		#end
		#set($ruleObj = $ctx.getObjectByName($spTools.class.forName("sailpoint.object.Rule"), "Rule-Framework-Entitlement-Management-Header-Footer-StyleSheet")) 
		#set($ruleArgs = { 
		    "keyEmailTemplate"  : "footerTemplate"
		}) 
		#set($footerTemplate = $ctx.runRule($ruleObj, $ruleArgs))
		#if( $ruleObj )
		$ctx.decache($ruleObj)
		#end
		<html>
	    <head>
		<meta charset="UTF-8">	    
		#if( $styleSheet )
		$styleSheet
		#end    
		</head>			
	    	<body>
	    	#if( $headerTemplate )
			$headerTemplate
			#end
			#if($item)
			#if($item.attributes)
			#set($workItemAttributes=$item.attributes)
			#if ($workItemAttributes)
			#set($workItemAttributesMap=$workItemAttributes.Map)
			#foreach ($workItemAttributesMapEntry in $workItemAttributesMap.entrySet())
			#if ( $workItemAttributesMapEntry.key == "entitlementModel" ) 
			#set( $entitlementModel = $workItemAttributesMapEntry.value )
			#elseif ( $workItemAttributesMapEntry.key == "changes" ) 
			#set( $changes = $workItemAttributesMapEntry.value )
			#end
			#end
			#end
			#end
			#end
			#if($entitlementModel)
				</br>
				</br>Request Details:
				#if($identityRequestId)</br>&nbsp;Request Number: $identityRequestId#end 
				</br>&nbsp;Requester: $requesterDisplayName
				</br>&nbsp;Operation: $entitlementOperation
				</br>&nbsp;Comment: #if($entitlementModel.displayOnly.comment)$entitlementModel.displayOnly.comment#end
				</br>
				</br>Entitlement Details:
				</br>&nbsp;Application: $entitlementModel.sys.application.name
				</br>&nbsp;Entitlement Type: $entitlementModel.sys.type
				</br>&nbsp;Value: $entitlementModel.sys.nativeIdentity
				</br>&nbsp;Display Value: $entitlementDisplayName
				</br>&nbsp;Description: $entitlementModel.sys.description	
			
			   <p>System Level Changes (if any)</p>
			  	#if($entitlementModel.sys.addedStewards)#if(!$entitlementModel.sys.addedStewards.isEmpty())
					</br>Added 1st Level Business Approvers
					#foreach ($item in $entitlementModel.sys.addedStewards)
						</br>&nbsp;$item
					#end
				#end#end
				#if($entitlementModel.sys.removedStewards)#if(!$entitlementModel.sys.removedStewards.isEmpty())
					</br>Removed 1st Level Business Approvers
					#foreach ($item in $entitlementModel.sys.removedStewards)
						</br>&nbsp;$item
					#end
				#end#end
				#if($entitlementModel.sys.addedCustodians)#if(!$entitlementModel.sys.addedCustodians.isEmpty())
					</br>Added 2nd Level Business Approvers
					#foreach ($item in $entitlementModel.sys.addedCustodians)
						</br>&nbsp;$item
					#end
				#end#end
				#if($entitlementModel.sys.removedCustodians)#if(!$entitlementModel.sys.removedCustodians.isEmpty())
					</br>Removed 2nd Level Business Approvers
					#foreach ($item in $entitlementModel.sys.removedCustodians)
						</br>&nbsp;$item
					#end
				#end#end
				#if($entitlementModel.sys.addedOwners)#if(!$entitlementModel.sys.addedOwners.isEmpty())
					</br>Added Owners
					#foreach ($item in $entitlementModel.sys.addedOwners)
						</br>&nbsp;$item
					#end
				#end#end
				#if($entitlementModel.sys.removedOwners)#if(!$entitlementModel.sys.removedOwners.isEmpty())
					</br>Removed Owners
					#foreach ($item in $entitlementModel.sys.removedOwners)
						</br>&nbsp;$item
					#end
				#end#end
				#if($entitlementModel.sys.addedMembers)#if(!$entitlementModel.sys.addedMembers.isEmpty())
					</br>Requests launched to add the following members using standard approvals
					#foreach ($item in $entitlementModel.sys.addedMembers)
						</br>&nbsp;$item
					#end
				#end#end
				#if($entitlementModel.sys.removedMembers)#if(!$entitlementModel.sys.removedMembers.isEmpty())
					</br>Requests launched to remove the following members using standard approvals
					#foreach ($item in $entitlementModel.sys.removedMembers)
						</br>&nbsp;$item
					#end
				#end#end
				#if($entitlementModel.sys.addedChildrens)#if(!$entitlementModel.sys.addedChildrens.isEmpty())
					</br>The following users were added as inheriting groups for the Entitlement
					#foreach ($item in $entitlementModel.sys.addedChildrens)
						</br>&nbsp;$item
					#end
				#end#end
				#if($entitlementModel.sys.removedChildrens)#if(!$entitlementModel.sys.removedChildrens.isEmpty())
					</br>The following users were removed as inheriting groups for the Entitlement
					#foreach ($item in $entitlementModel.sys.removedChildrens)
						</br>&nbsp;$item
					#end
				#end#end
				#if($entitlementModel.sys.addedParents)#if(!$entitlementModel.sys.addedParents.isEmpty())
					</br>The following entitlements were added as inherited groups for the Entitlement
					#foreach ($item in $entitlementModel.sys.addedParents)
						</br>&nbsp;$item
					#end
				#end#end
				#if($entitlementModel.sys.removedParents)#if(!$entitlementModel.sys.removedParents.isEmpty())
					</br>The following entitlements were removed as inherited groups for the Entitlement
					#foreach ($item in $entitlementModel.sys.removedParents)
						</br>&nbsp;$item
					#end
				#end#end
				#if($changes)
					#if($changes.differences)
						<p>Change Summary (if any)</p>
		         		#foreach ($diff in $changes.differences)
		         			#set($attrName = $diff.attribute)
		       				#if($diff.displayName)
		       					#set($attrName = $diff.displayName)
		       				#end
		          			#if($diff.isMulti())
		          				#if($diff.addedValues)#if(!$diff.addedValues.isEmpty())
		          					</br>&nbsp;$attrName Added Values:
		          					#foreach ($value in $diff.addedValues)
		          						</br>&nbsp;&nbsp;$value
		          					#end
		          				#end#end
		          				#if($diff.removedValues)#if(!$diff.removedValues.isEmpty())
		          					</br>&nbsp;$attrName Removed Values:
		          					#foreach ($value in $diff.removedValues)
		          						</br>&nbsp;&nbsp;$value
		          					#end
		          				#end#end
		          			#else
		          				</br>&nbsp;$attrName
		          				#if($diff.oldValue)&nbsp;&nbsp;Old Value: $diff.oldValue#end
		          				#if($diff.newValue)&nbsp;&nbsp;New Value: $diff.newValue#else</br>&nbsp;&nbsp;New Value: null#end
		          			#end
		         		#end
		         	#end
	         	#end
         	#end
         	#if ($listOfOwnedEntitlementDisplayNames)
         	<ul>
			  #foreach( $listOfOwnedEntitlementDisplayName in $listOfOwnedEntitlementDisplayNames )
			    <li>$listOfOwnedEntitlementDisplayName</li>
			  #end
			</ul>
			#end
			#if ($dynamicAppContent)
			<table>
			#foreach( $key in $dynamicAppContent.keySet() )
			<tr><td>$key</td><td>$dynamicAppContent.get($key)</td></tr>
			#end
			</table>
			#end
			#if( $footerTemplate )
			$footerTemplate
			#end
			</body>
		</html>
		]]>
	</Body>
	<Signature>
	  <Inputs>
      <Argument name="dynamicAppContent">
      <Description>Dynamic Content</Description>
      </Argument>
      <Argument name="entitlementModel">
      </Argument>
      <Argument name="flow">
      </Argument>
      <Argument name="source">
      </Argument>
      <Argument name="requestType">
      </Argument>
      <Argument name="entitlementOperation">
      </Argument>
      <Argument name="requesterDisplayName">
      </Argument>
       <Argument name="emailSubject">
      </Argument>
       <Argument name="listOfOwnedEntitlementDisplayNames">
      </Argument>
      <Argument name="identityRequestId">
      </Argument>
    </Inputs>
	</Signature>
	 <Subject>#if($emailSubject) $emailSubject Escalated #else Request Escalated for #if($entitlementModel)$entitlementDisplayName#end #end</Subject>
</EmailTemplate>
