<?xml version="1.0" encoding="UTF-8"?>
<!DOCTYPE Form PUBLIC "sailpoint.dtd" "sailpoint.dtd">
<Form name="Form-OpenLDAP-Entitlement-Mgmt-Update-Group" type="Application">
  <Attributes>
    <Map>
	  <entry key="pageTitle" value="Form-OpenLDAP-Update-Group"/>
	</Map>
  </Attributes>
  <Description/>
  <Section label="entmgmt_entitlementedit_ent_properties" name="openLdapSection">
   <Attributes>
      <Map>
        <entry key="subtitle" value="entmgmt_updategroup_openldap_subtitle"/>
      </Map>
    </Attributes>
   <Field dynamic="true" name="description" displayName="entmgmt_openldap_description">
    	<Attributes>
	      <Map>
	        <entry key="hidden" value="rule:Rule-Entitlement-Mgmt-Hide"/>
	      </Map>
	    </Attributes>
      <Script>
        <Source><![CDATA[
    			Object retVal = null;
   				if(modelBasePath  != null && modelBasePath != void)
   				{
   					String description = $(sys.description);
   					if(description!=null)
	   				{
	   					retVal = description;
	   				}
	   			}
   				return retVal;
    		]]></Source>
      </Script>
    </Field>
    <Field dynamic="true" name="owner" displayName="entmgmt_openldap_owner">
    	<Attributes>
	      <Map>
	        <entry key="hidden">
	        <value>
	          <Script>
		        <Source><![CDATA[
		        	    import sailpoint.rapidapponboarding.rule.EntitlementMgtUtil;
		        	    boolean hide=true;
		    			String appName=null;
						Object ownerBy=null;
						//Calculate Total Number of Links - if more than one show this field
				  		if(modelBasePath != null && modelBasePath != void)
		    			{
		    				appName=$(sys.application.name);
		    				ownerBy=$(systemEntOwners);
			    			if(appName!=void && appName!=null && ownerBy!=void && ownerBy!=null)
			    			{
				    			List links=EntitlementMgtUtil.getOwnerApproverAppNameForSystemSync(context,appName,ownerBy);
				    			if(links.size() == 1)
				    			{
									hide = true;
								}
								else if (links.size() >1)
								{
								 	hide = false;
								}
							}
						}
		    			return hide;
		    		]]></Source>
		      </Script>
	        </value>
	        </entry>
	      </Map>
	    </Attributes>
	    <Script>
          <Source><![CDATA[
            import sailpoint.rapidapponboarding.rule.EntitlementMgtUtil;
            Object retVal = null;
            List  allowedVals = new ArrayList();
            String appName=null;
			Object ownerBy=null;
			if(value!=void && value!=null)
            {
            	return value;
            }
			//Return if there is only one
	  		if(modelBasePath != null && modelBasePath != void)
   			{
   				appName=$(sys.application.name);
   				ownerBy=$(systemEntOwners);
			    if(appName!=void && appName!=null && ownerBy!=void && ownerBy!=null)
			    {
				    allowedVals=EntitlementMgtUtil.getOwnerApproverAppNameForSystemSync(context,appName,ownerBy);
		            if(allowedVals.size() == 1)
		            {
						retVal = allowedVals.get(0);
					}
				}
			}
			return retVal;
			]]></Source>
        </Script>
      <AllowedValuesDefinition>
        <Script>
          <Source><![CDATA[
            import sailpoint.rapidapponboarding.rule.EntitlementMgtUtil;
            String appName=null;
			Object ownerBy=null;
            if(modelBasePath != null && modelBasePath != void)
		    {
		    	appName=$(sys.application.name);
	   			ownerBy=$(systemEntOwners);
			    if(appName!=void && appName!=null && ownerBy!=void && ownerBy!=null)
			    {
	           	 return EntitlementMgtUtil.getOwnerApproverAppNameForSystemSync(context,appName,ownerBy);
	            }
            }
		    ]]></Source>
        </Script>
      </AllowedValuesDefinition>
    </Field>
   </Section>
</Form>
