<?xml version="1.0" encoding="UTF-8"?>
<!DOCTYPE Form PUBLIC "sailpoint.dtd" "sailpoint.dtd">
<Form name="Form-Azure-Entitlement-Mgmt-Update-Group" type="Application">
	<Attributes>
		<Map>
			<entry key="pageTitle" value="Form-Azure-Entitlement-Mgmt-Update-Group" />
		</Map>
	</Attributes>
	<Section columns="2" label="entmgmt_entitlementedit_ent_properties" name="azureSection">
		<Attributes>
			<Map>
				<entry key="subtitle" value="entmgmt_updategroup_azure_subtitle" />
			</Map>
		</Attributes>
        <Field displayName="con_prov_policy_azure_ad_displayName" helpKey="help_con_prov_policy_azure_ad_groupDisplayName" name="displayName" type="string"/>
        <Field displayName="con_prov_policy_azure_ad_mailNickname" helpKey="help_con_prov_policy_azure_ad_groupMailNickname" name="mailNickname" type="string"/>
        <Field displayName="con_prov_policy_azure_ad_groupType" helpKey="help_con_prov_policy_azure_ad_groupType" multi="true" name="groupTypes" type="string">
          <Attributes>
            <Map>
              <entry key="readOnly" value="true"/>
            </Map>
          </Attributes>
        </Field>
        <Field displayName="con_prov_policy_azure_ad_mailEnabled" helpKey="help_con_prov_policy_azure_ad_mailEnabled" multi="true" name="mailEnabled" type="boolean">
          <Attributes>
            <Map>
              <entry key="readOnly" value="true"/>
            </Map>
          </Attributes>
        </Field>
        <Field displayName="con_prov_policy_azure_ad_securityEnabled" helpKey="help_con_prov_policy_azure_ad_securityEnabled" name="securityEnabled" type="boolean">
          <Attributes>
            <Map>
              <entry key="readOnly" value="true"/>
            </Map>
          </Attributes>
        </Field>
	</Section>
</Form>