<?xml version="1.0" encoding="UTF-8"?>
<!DOCTYPE Form PUBLIC "sailpoint.dtd" "sailpoint.dtd">
<Form name="Form-Okta-Entitlement-Mgmt-Create-Group" type="Application">
	<Attributes>
		<Map>
			<entry key="pageTitle" value="Form-Okta-Entitlement-Mgmt-Create-Group" />
		</Map>
	</Attributes>
	<Section columns="2" label="entmgmt_entitlementcreate_ent_properties" name="oktaSection">
		<Attributes>
			<Map>
				<entry key="subtitle" value="entmgmt_entitlementcreate_okta_subtitle" />
			</Map>
		</Attributes>
		<Field displayName="con_prov_policy_okta_group_description" helpKey="help_con_prov_policy_okta_groupDesc" name="description" type="string">
			<Attributes>
				<Map>
					<entry key="hidden" value="rule:Rule-Entitlement-Mgmt-Hide" />
				</Map>
			</Attributes>
			<Script>
				<Source>
					<![CDATA[
		    			Object retVal = null;
		   				if(modelBasePath  != null && modelBasePath != void)
		   				{
		   					String description = $(sys.description);
		   					if(description!=null)
			   				{
			   					retVal = description;
			   				}
			   			}
		   				return retVal;
					]]>
				</Source>
			</Script>
		</Field>
		<Field displayName="Applications" multi="true" name="applications" type="ManagedAttribute" required="true">
			<Attributes>
				<Map>
					<entry key="readOnly">
						<value>
							<Script>
								<Source>
									<![CDATA[
								      	import sailpoint.tools.Util;
								      	import sailpoint.object.Filter;
								      	boolean isReadOnly=false;
								      	if(modelBasePath  != null && modelBasePath != void)
					   				    {
											String appName = $(sys.application.name);
											String baseFilterString = "application.name == \"" + appName + "\"";
											filterString = baseFilterString;
											Filter filter = Filter.and(Filter.compile(filterString),Filter.eq("type","application"));
											field.setFilterString(filter.toString());
										}
										return isReadOnly;
									]]>
								</Source>
							</Script>
						</value>
					</entry>
				</Map>
			</Attributes>
		</Field>
		<Field dynamic="true" hidden="true" name="name">
			<Script>
				<Source>
					<![CDATA[
		    			Object retVal = null;
		   				if(modelBasePath != null && modelBasePath != void)
		   				{
		   					String displayName = $(sys.displayName);
		   					if(displayName!=null && displayName!=void)
			   				{
			   				 	retVal = displayName;
			   				}
		   				}
		   				return retVal;
					]]>
				</Source>
			</Script>
		</Field>
	</Section>
</Form>