<?xml version='1.0' encoding='UTF-8'?>
<!DOCTYPE Form PUBLIC "sailpoint.dtd" "sailpoint.dtd">
<Form name="Form-Entitlement-Mgmt-CreateEntitlement" type="Workflow">
  <Attributes>
    <Map>
      <entry key="labelAlign" value="top"/>
      <entry key="title" value="entmgmt_entitlementcreate_title"/>
      <entry key="subtitle" value="entmgmt_entitlementcreate_subtitle"/>
    </Map>
  </Attributes>
  <Button action="next" label="entmgmt_entitlementcreate_button_submit"/>
  <Button action="cancel" label="entmgmt_entitlementcreate_button_cancel" skipValidation="true"/>
  <Button action="next" readOnly="true" label="entmgmt_entitlementcreate_button_confirm_submit"/>
  <Button action="back" readOnly="true" label="entmgmt_entitlementcreate_button_confirm_back"/>
  <Button action="cancel" readOnly="true" label="entmgmt_entitlementcreate_button_confirm_cancel" skipValidation="true"/>
  <Section columns="2">
   <Field displayName="entmgmt_entitlementcreate_entitlement_name" postBack="true" name="sys.displayName" required="true">
     <ValidationScript>
        <Source>
		  <![CDATA[
		    import sailpoint.rapidapponboarding.rule.EntitlementMgtUtil;
		    import sailpoint.object.Rule;
		    //Get Rule from Global Configuration
		    String ruleName= EntitlementMgtUtil.getGlobalDefinitionAttribute(context, "apCreateEntitlementDisplayNameValidationRule");
			if(ruleName!=null && ruleName.length()>0)
		    {
		     	Rule rule = context.getObject(Rule.class, ruleName);
				if(rule == null)
				{
					throw new GeneralException("Rule " + ruleName + " not found");
				}
				Map ruleArgs = new HashMap();
				ruleArgs.put("entitlementModel", entitlementModel);	
				Object obj =context.runRule(context.getObject(Rule.class, ruleName), ruleArgs);
				if(obj!=null)
				{
					return obj;
				}
				if(rule!=null)
				{
					context.decache(rule);
				}
		    }
		    boolean result=EntitlementMgtUtil.newEntitlementExists(context,entitlementModel);
		    if(result)
		    {
		    	return "entmgmt_entitlementcreate_uniqueness_catalog";
		    }
		    boolean result=EntitlementMgtUtil.uniquenessChecks(context,entitlementModel);
		    if(result)
		    {
		    	return "entmgmt_entitlementcreate_uniqueness_inflight";
		    }
           ]]>
	  	</Source>
      </ValidationScript>
   </Field>
   <Field displayName="entmgmt_entitlementcreate_description" displayType="textarea" helpKey="entmgmt_entitlementcreate_description_help" postBack="true" name="sys.description" required="true">
    <Script><Source><![CDATA[
	        if(value!=void && value!=null)
            {
            	return value;
            }
       ]]></Source></Script> 
   </Field>
   <Field displayName="entmgmt_entitlementcreate_ent_sysentowners" helpKey="entmgmt_entitlementcreate_ent_sysentowners_help" postBack="true" name="systemEntOwners" required="true" type="Identity" multi="true">
    <Attributes>
     <Map>
     <entry key="valueProperty" value="name"/>
     <entry key="hidden">
     <value>
     <Script><Source><![CDATA[
			import sailpoint.tools.Util;
			import sailpoint.object.Filter;
		   //Allow Identity Cubes to Be Assigned when there are no owners
		    if(value==null || value==void)
		    {
		       Filter filter=  Filter.eq("workgroup",false);
		       field.setFilterString(filter.toString());
		    }
		    else if(modelBasePath != null && modelBasePath != void)
		    {
		    	boolean collapse = Util.otob($(transformerOptions.collapseOwners));
			  	if(collapse)
				{
				 //Show Only Identity Cubes if collapse option is turned ON
			       Filter filter=  Filter.eq("workgroup",false);
			       field.setFilterString(filter.toString());
			     }
			     else
			     {
			       //Show Only workgroups if collapse option is turned OFF
			      Filter filter=  Filter.eq("workgroup",true);
			      field.setFilterString(filter.toString());
			     }
		  	 }
	      ]]></Source></Script>
        </value>
      </entry>
      </Map>
      </Attributes>
      <Script><Source><![CDATA[
			import sailpoint.tools.Util;
			import sailpoint.object.Identity;
			if (requesterName != null && requesterName != void) {
				if (modelBasePath != null && modelBasePath != void) {
					boolean collapse = Util.otob($(transformerOptions.collapseOwners));
					if (collapse) {
						return requesterName;
					} else {
						Identity requester = context.getObjectByName(Identity.class, requesterName);
						List<Identity> identityWorkgroups = requester.getWorkgroups();
						if (identityWorkgroups.size() > 1) {
							return identityWorkgroups.get(0).getName();
						}
					}
				}
			}
			return null;
      ]]></Source></Script>
     <ValidationScript>
          <Source><![CDATA[
			import sailpoint.tools.Util;
			import sailpoint.object.Filter;
			//Allow Identity Cubes to Be Assigned when there are no owners
		    if(modelBasePath != null && modelBasePath != void)
			{
				boolean collapse = Util.otob($(transformerOptions.collapseOwners));
				if(!collapse && systemEntOwners.size() > 1) {
	              	return "entmgmt_entitlementcreate_sysentowners_collapse_size";
				}
			}
    	]]></Source>
    </ValidationScript>
    </Field>
    <Field dynamic="true" hidden="true" name="sys.nativeIdentity">
      <Script>
        <Source><![CDATA[
    			Object retVal = null;
   				if(modelBasePath != null && modelBasePath != void)
   				{
   					String ouBasedn = $(displayOnly.ouBasedn);
   					String displayName = $(sys.displayName);
   					if(ouBasedn!=null && ouBasedn!=void && displayName!=null && displayName!=void)
	   				{
	   					retVal = "cn=" + displayName + ","+ouBasedn;
	   				}
	   				else if(displayName!=null && displayName!=void)
	   				{
	   				// This is for business applications
	   				 retVal= $(sys.displayName);
	   				}
   				}
   				return retVal;
    		]]></Source>
      </Script>
    </Field>
    <Field displayName="entmgmt_entitlementcreate_members" name="identityMembership" type='Identity' multi="true" helpKey="entmgmt_entitlementcreate_members_help">
  		<Attributes>
  			<Map>
  			 <entry key="hidden">
			    <value>
			      <Script><Source><![CDATA[
			      	import sailpoint.tools.Util;
			      	boolean hide=true;
			      	if(modelBasePath != null && modelBasePath != void)
   				    {
  				     	boolean showMember=Util.otob($(transformerOptions.includeMembership));
   				      	if(showMember)
						{
							hide=false;
						}
			       }
				   return hide;
			      ]]></Source></Script>
			    </value>
			  </entry>
		      <entry key="readOnly">
			    <value>
			      <Script><Source><![CDATA[
			      	import sailpoint.tools.Util;
			      	boolean isReadOnly=false;
			      	if(modelBasePath  != null && modelBasePath != void)
   				    {
						boolean isReadOnly = Util.otob($(sys.maxMembershipExceeded));
						String filterString = null;
						String appName = $(sys.application.name);
						String baseFilterString = "links.application.name == \"" + appName + "\"";
						filterString = baseFilterString;
						field.setFilterString(filterString); 
					}
					return isReadOnly;
			      ]]></Source></Script>
			    </value>
			  </entry>
		    </Map>
  		</Attributes>
  	</Field>
   <Field  displayName="entmgmt_entitlementcreate_requestable" helpKey="entmgmt_entitlementcreate_requestable_help" dynamic="true" type="boolean" name="sys.requestable" value="script: true">
   </Field>
   <Field displayName="entmgmt_entitlementcreate_comment" helpKey="entmgmt_entitlementcreate_comment_help" dynamic="true" name="displayOnly.comment" required="true" >
     <Script><Source><![CDATA[
	        if(value!=void && value!=null)
            {
            	return value;
            }
       ]]></Source></Script> 
   </Field>
   <Field displayName="entmgt_show_advanced_settings" name="displayOnly.advancedSettings" type="boolean" postBack="true"/>
   </Section>
  <Section label="entmgmt_entitlementcreate_ent_approval_subtitle_label" columns="2">
  <Attributes>
     <Map>
     <entry key="hidden">
     <value>
     <Script><Source><![CDATA[
          	 	 boolean hide=true;
         	 	 if(modelBasePath != null && modelBasePath != void)
         		 {
         		    if($(displayOnly.advancedSettings)!=null)
         		    {
		             	 boolean show=$(displayOnly.advancedSettings);
		             	 if(show)
		             	 {
		             	 	hide=false;
		             	 }
	             	 }
      		 	}
       			return hide;
          ]]></Source></Script>
        </value>
      </entry>
      </Map>
   </Attributes>
  <Field displayName="entmgmt_entitlementcreate_ent_approval_subtitle" name="displayOnly.showOwnersApprovers" postBack="true" columnSpan="2">
   <AllowedValues>
  <String>Expand</String>
  <String>Condense</String>
  </AllowedValues>
   </Field>
     <Field displayName="entmgmt_entitlementcreate_ent_approval" helpKey="entmgmt_entitlementcreate_ent_approval_help" name="extended.apEntAppMode" multi="true">
    <Attributes>
     <Map>
     <entry key="hidden">
     <value>
     <Script><Source><![CDATA[
            boolean hide=true;
            if(modelBasePath != null && modelBasePath != void)
          {
            String displayOnlyShowOwnersApprovers=$(displayOnly.showOwnersApprovers);
              if(displayOnlyShowOwnersApprovers!=null && displayOnlyShowOwnersApprovers!=void && displayOnlyShowOwnersApprovers.equalsIgnoreCase("Expand"))
          {
            hide=false;
          }
        }
        return hide;
          ]]></Source></Script>
        </value>
      </entry>
      </Map>
      </Attributes>
      <AllowedValuesDefinition>
        <Script>
          <Source><![CDATA[
        import sailpoint.rapidapponboarding.rule.EntitlementMgtUtil;
        import sailpoint.rapidapponboarding.rule.EntitlementConstants;
        return EntitlementMgtUtil.dropDownListApproversDisplayable(context, EntitlementConstants.REQUEST_TYPE_CREATE,"apEntAppMode");
      ]]></Source>
        </Script>
      </AllowedValuesDefinition>
      <ValidationScript>
          <Source><![CDATA[
            import sailpoint.rapidapponboarding.rule.EntitlementConstants;
            import sailpoint.rapidapponboarding.rule.EntitlementMgtUtil;
            Map translatKeysMap=(Map) EntitlementMgtUtil.getGlobalDefinitionAttribute(context, "apEntAppMode"+EntitlementConstants.GLOBAL_APPROVER_MAP_KEY_PREFIX);
            if(modelBasePath  != null && modelBasePath != void && translatKeysMap!=null && !translatKeysMap.isEmpty())
            {
	            List mode = $(extended.apEntAppMode);
	            List modeList = EntitlementMgtUtil.reverseTransLatekeys(context,mode,translatKeysMap);
	            String authzApp = $(extended.entAppName);
	            String isPriv = $(extended.entPrivileged);
	            if(modeList != null && modeList.size()>1 && modeList.contains("None"))
	            {
	              return "entmgmt_entitlementcreate_ent_approval_none";
	            }
	            if((authzApp!=void && authzApp!=null) && (modeList == null || modeList.size()<=0 || (!modeList.contains(EntitlementConstants.LEVELTWOAPPROVER)
	            && !modeList.contains(EntitlementConstants.LEVELONEAPPROVER))))
	            {
	              return "entmgmt_entitlementcreate_authz_priv_approval_required";
	            }
	            if((isPriv!=void && isPriv!=null && isPriv.equalsIgnoreCase("True")) && (modeList == null || modeList.size()<=0 ||
	             (!modeList.contains(EntitlementConstants.LEVELTWOAPPROVER) && !modeList.contains(EntitlementConstants.LEVELONEAPPROVER))))
	            {
	              return "entmgmt_entitlementcreate_authz_priv_approval_required";
	            }
          }
    ]]></Source>
    </ValidationScript>
   </Field>
   <Field displayName="entmgmt_entitlementcreate_approvers" helpKey="entmgmt_entitlementcreate_approvers_help" multi="true" name="extended.entBusApprovers"  type="Identity">
   <Attributes>
        <Map>
          <entry key="valueProperty" value="name"/>
            <entry key="hidden">
            <value>
              <Script>
                <Source><![CDATA[
                   import sailpoint.object.Filter;
                   Filter filter=  Filter.eq("workgroup",false);
                   field.setFilterString(filter.toString());
                   boolean hide=true;
                  if(modelBasePath != null && modelBasePath != void)
                  {
                    String displayOnlyShowOwnersApprovers=$(displayOnly.showOwnersApprovers);
                    if(displayOnlyShowOwnersApprovers!=null && displayOnlyShowOwnersApprovers!=void && displayOnlyShowOwnersApprovers.equalsIgnoreCase("Expand"))
                    {
                      hide=false;
                    }
                  }
                  return hide; 
         ]]></Source>
              </Script>
            </value>
          </entry>
        </Map>
      </Attributes>
   <ValidationScript>
          <Source><![CDATA[
          	import sailpoint.rapidapponboarding.rule.EntitlementConstants;
          	import sailpoint.rapidapponboarding.rule.EntitlementMgtUtil;
            Map translatKeysMap=(Map) EntitlementMgtUtil.getGlobalDefinitionAttribute(context, "apEntAppMode"+EntitlementConstants.GLOBAL_APPROVER_MAP_KEY_PREFIX);
            if(modelBasePath  != null && modelBasePath != void && translatKeysMap!=null && !translatKeysMap.isEmpty())
            {
	             List mode = $(extended.apEntAppMode);
	             List modeList = EntitlementMgtUtil.reverseTransLatekeys(context,mode,translatKeysMap);
	            if(modeList != null && modeList.contains(EntitlementConstants.LEVELONEAPPROVER) && value==null)
	            {
	              return "entmgmt_entitlementcreate_approvers_required";
	            }
	            if(value!=null && value!=void && (modeList == null || modeList.size()<=0 || !modeList.contains(EntitlementConstants.LEVELONEAPPROVER)))
	            {
	              return "entmgmt_entitlementcreate_approvers_mode_required";
	            }
          }
  ]]></Source>
    </ValidationScript>
   </Field>
   <Field displayName="entmgmt_entitlementcreate_additionalapprovers" helpKey="entmgmt_entitlementcreate_additionalapprovers_help" multi="true" name="extended.additionalEntBusApprovers" type="Identity">
      <Attributes>
        <Map>
          <entry key="valueProperty" value="name"/>
            <entry key="hidden">
            <value>
              <Script>
                <Source><![CDATA[
                   import sailpoint.object.Filter;
                   Filter filter=  Filter.eq("workgroup",false);
                   field.setFilterString(filter.toString());
                    boolean hide=true;
                  if(modelBasePath != null && modelBasePath != void)
                  {
                    String displayOnlyShowOwnersApprovers=$(displayOnly.showOwnersApprovers);
                    if(displayOnlyShowOwnersApprovers!=null && displayOnlyShowOwnersApprovers!=void && displayOnlyShowOwnersApprovers.equalsIgnoreCase("Expand"))
                    {
                      hide=false;
                    }
                  }
                  return hide; 
         ]]></Source>
              </Script>
            </value>
          </entry>
        </Map>
      </Attributes>
   <ValidationScript>
          <Source><![CDATA[
         	 import sailpoint.rapidapponboarding.rule.EntitlementConstants;
         	 import sailpoint.rapidapponboarding.rule.EntitlementMgtUtil;
             Map translatKeysMap=(Map) EntitlementMgtUtil.getGlobalDefinitionAttribute(context, "apEntAppMode"+EntitlementConstants.GLOBAL_APPROVER_MAP_KEY_PREFIX);
             if(modelBasePath  != null && modelBasePath != void && translatKeysMap!=null && !translatKeysMap.isEmpty())
             {
             	List mode = $(extended.apEntAppMode);
                List modeList = EntitlementMgtUtil.reverseTransLatekeys(context,mode,translatKeysMap);
	            if(modeList != null && modeList.contains(EntitlementConstants.LEVELTWOAPPROVER) && value==null)
	            {
	              return "entmgmt_entitlementcreate_additionalapprovers_required";
	            }
	            if(value!=null && value!=void && ( modeList == null || modeList.size()<=0 || !modeList.contains(EntitlementConstants.LEVELTWOAPPROVER)))
	            {
	              return "entmgmt_entitlementcreate_approvers_mode_required";
	            }
          }
  ]]></Source>
    </ValidationScript>
   </Field>
  </Section>
   <Section label="entitlementmanagement_inheritance_section_label" columns="2">
   	<Attributes>
      <Map>
        <entry key="hidden">
			    <value>
			      <Script><Source><![CDATA[
			      	import sailpoint.tools.Util;
			      	boolean hide=true;
			      	if(modelBasePath != null && modelBasePath != void)
   				    {
	   				     if($(displayOnly.advancedSettings)!=null)
	         		    {
			             	 boolean show=$(displayOnly.advancedSettings);
			             	 if(show)
			             	 {
			             	 	boolean showInher=Util.otob($(transformerOptions.includeInheritance));
								if(showInher)
								{
									hide=false;
								}
			             	 }
		             	 }
   				   }
				   return hide;
			      ]]></Source></Script>
			    </value>
			  </entry>
     </Map>
   </Attributes>
  <Field displayName="entitlementmanagement_mem_inheritance_label" name="displayOnly.showMembersInheritance" postBack="true" columnSpan="2">
   <AllowedValues>
  <String>Expand</String>
  <String>Condense</String>
  </AllowedValues>
   </Field>
    	<Field displayName="entmgmt_entitlementcreate_inheritance" name="inheritedGroupIds" type='ManagedAttribute' helpKey="entmgmt_entitlementedit_inheritance_help" multi="true">
  		<Attributes>
  			<Map>
  			  <entry key="hidden">
			    <value>
			      <Script><Source><![CDATA[
			      	import sailpoint.tools.Util;
			      	boolean hide=true;
			      	if(modelBasePath != null && modelBasePath != void)
   				    {
   				      	boolean show=Util.otob($(transformerOptions.includeInheritance));
						if(show)
						{
							     String displayOnlyMembersInheritance=$(displayOnly.showMembersInheritance);
			                    if(displayOnlyMembersInheritance!=null && displayOnlyMembersInheritance!=void && displayOnlyMembersInheritance.equalsIgnoreCase("Expand"))
			                    {
			                      hide=false;
			                    }
						}
					}
					return hide;
			      ]]></Source></Script>
			    </value>
			  </entry>
		      <entry key="readOnly">
			    <value>
			      <Script><Source><![CDATA[
			      	import sailpoint.tools.Util;
		            boolean isReadOnly=false;
			      	if(modelBasePath != null && modelBasePath != void)
   				    {
						isReadOnly = Util.otob($(sys.maxMembershipExceeded));
					    String filterString = "application.id == \"" + entitlementApplicationId + "\" && type == \"" + entitlementAttributeType + "\"";
						field.setFilterString(filterString); 
					}
					return isReadOnly;
			      ]]></Source></Script>
			    </value>
			  </entry>
		    </Map>
  		</Attributes>
  	</Field>
  	<Field displayName="entmgmt_entitlementcreate_inheriting" name="inheritingGroupIds" type='ManagedAttribute' helpKey="entmgmt_entitlementedit_inheriting_help" multi="true">
  		<Attributes>
  			<Map>
  			  <entry key="hidden">
			    <value>
			      <Script><Source><![CDATA[
			      	import sailpoint.tools.Util;
			      	import sailpoint.rapidapponboarding.rule.EntitlementMgtUtil;
			      	boolean hide=true;
			      	if(modelBasePath != null && modelBasePath != void)
   				    {
   				      	boolean show=Util.otob($(transformerOptions.includeInheritance));
						if(show)
						{
							String appName = $(sys.application.name);
							String entType =$(sys.type);
							if(appName!=null && appName!=void && entType!=null && entType!=void)
							{
							    if(EntitlementMgtUtil.isEntitlementInheritingSupported(context,appName,entType))
							    {
									 String displayOnlyMembersInheritance=$(displayOnly.showMembersInheritance);
				                    if(displayOnlyMembersInheritance!=null && displayOnlyMembersInheritance!=void && displayOnlyMembersInheritance.equalsIgnoreCase("Expand"))
				                    {
				                      hide=false;
				                    }
								}
							}
						}
					}
					return hide;
			      ]]></Source></Script>
			    </value>
			  </entry>
		      <entry key="readOnly">
			    <value>
			      <Script><Source><![CDATA[
			      	import sailpoint.tools.Util;
		            boolean isReadOnly=false;
			      	if(modelBasePath != null && modelBasePath != void)
   				    {
						isReadOnly = Util.otob($(sys.maxMembershipExceeded));
					    String filterString = "application.id == \"" + entitlementApplicationId + "\" && type == \"" + entitlementAttributeType + "\"";
						field.setFilterString(filterString); 
					}
					return isReadOnly;
			      ]]></Source></Script>
			    </value>
			  </entry>
		    </Map>
  		</Attributes>
  	</Field>
  </Section>
   <Section label="entmgmt_compliance_label" columns="2">
     <Attributes>
     <Map>
     <entry key="hidden">
     <value>
     <Script><Source><![CDATA[
          	 	 boolean hide=true;
         	 	 if(modelBasePath != null && modelBasePath != void)
         		 {
         		    if($(displayOnly.advancedSettings)!=null)
         		    {
		             	 boolean show=$(displayOnly.advancedSettings);
		             	 if(show)
		             	 {
		             	 	hide=false;
		             	 }
	             	 }
      		 	}
       			return hide;
          ]]></Source></Script>
        </value>
      </entry>
      </Map>
   </Attributes>
   <Field displayName="entmgmt_compliance_subtitle" name="displayOnly.showCompliance" postBack="true" columnSpan="2">
   <AllowedValues>
	<String>Expand</String>
	<String>Condense</String>
	</AllowedValues>
   </Field>
  	<Field displayName="entmgmt_compliance" name="extended.apdataClassification" multi="true" helpKey="entmgmt_compliance_helpkey">
  	<Attributes>
 	 <Map>
	   <entry key="hidden">
		<value>
		 <Script><Source><![CDATA[
		      		boolean hide=true;
		      	if(modelBasePath != null && modelBasePath != void)
  				{
  					String displayOnlyCompliance=$(displayOnly.showCompliance);
  				    if(displayOnlyCompliance!=null && displayOnlyCompliance!=void && displayOnlyCompliance.equalsIgnoreCase("Expand"))
					{
						hide=false;
					}
				}
				return hide;
		      ]]></Source></Script>
		    </value>
		  </entry>
	    </Map>
  	  </Attributes>
  	 <AllowedValuesDefinition>
        <Script>
          <Source><![CDATA[
            import sailpoint.rapidapponboarding.rule.EntitlementMgtUtil;
            List privTypeList = new ArrayList();
            if(modelBasePath  != null && modelBasePath != void)
   		    {
           	 	String appName=$(sys.application.name);
            	privTypeList = EntitlementMgtUtil.listOfUniqExtAttrValues(context, appName, "apdataClassification","ManagedAttribute");
            }
            return privTypeList;
			]]></Source>
        </Script>
      </AllowedValuesDefinition>
  	</Field>
  	<Field displayName="entmgmt_compliance_freq" name="extended.apentcertFreq"  multi="true" helpKey="entmgmt_compliance_freq_helpkey">
  	<Attributes>
 	 <Map>
	   <entry key="hidden">
		<value>
		 <Script><Source><![CDATA[
		      	boolean hide=true;
		      	if(modelBasePath != null && modelBasePath != void)
  				{
  					String displayOnlyCompliance=$(displayOnly.showCompliance);
  				    if(displayOnlyCompliance!=null && displayOnlyCompliance!=void && displayOnlyCompliance.equalsIgnoreCase("Expand"))
					{
						hide=false;
					}
				}
				return hide;
		      ]]></Source></Script>
		    </value>
		  </entry>
	    </Map>
  	  </Attributes>
  	<AllowedValuesDefinition>
        <Script>
          <Source><![CDATA[
            import sailpoint.rapidapponboarding.rule.EntitlementMgtUtil;
            List list = EntitlementMgtUtil.entCertFreqList();
			return list;
			]]></Source>
        </Script>
      </AllowedValuesDefinition>
  	</Field>
  </Section>
  <Section label="entmgmt_entitlementcreate_birthright_priv_subtitle_label" columns="2">
    <Attributes>
     <Map>
     <entry key="hidden">
     <value>
     <Script><Source><![CDATA[
          	 	 boolean hide=true;
         	 	 if(modelBasePath != null && modelBasePath != void)
         		 {
         		    if($(displayOnly.advancedSettings)!=null)
         		    {
		             	 boolean show=$(displayOnly.advancedSettings);
		             	 if(show)
		             	 {
		             	 	hide=false;
		             	 }
	             	 }
      		 	}
       			return hide;
          ]]></Source></Script>
        </value>
      </entry>
      </Map>
   </Attributes>
  <Field displayName="entmgmt_entitlementcreate_birthright_priv_subtitle" name="displayOnly.showBirthPriv" postBack="true" columnSpan="2">
  <AllowedValues>
  <String>Expand</String>
  <String>Condense</String>
  </AllowedValues>
  </Field>
  <Field displayName="entmgmt_entitlementcreate_is_birthright" helpKey="entmgmt_entitlementcreate_is_birthright_help" type="boolean" name="extended.isBirthright" columnSpan="1">
  	 <Attributes>
     <Map>
     <entry key="hidden">
     <value>
     <Script><Source><![CDATA[
            boolean hide=true;
            if(modelBasePath != null && modelBasePath != void)
          {
            String displayOnlyShowBirthPriv=$(displayOnly.showBirthPriv);
              if(displayOnlyShowBirthPriv!=null && displayOnlyShowBirthPriv!=void && displayOnlyShowBirthPriv.equalsIgnoreCase("Expand"))
          {
            hide=false;
          }
        }
        return hide;
          ]]></Source></Script>
        </value>
      </entry>
      </Map>
      </Attributes>
  </Field>
  <Field displayName="entmgmt_entitlementcreate_birthright_population" helpKey="entmgmt_entitlementcreate_birthright_population_help" type="GroupDefinition" name="extended.apbirthrightPopulations" multi="true">
  <Attributes>
      <Map>
         <entry key="valueProperty" value="name"/>
          <entry key="hidden">
          <value>
          <Script><Source><![CDATA[
            boolean hide=true;
            if(modelBasePath != null && modelBasePath != void)
          {
            String displayOnlyShowBirthPriv=$(displayOnly.showBirthPriv);
              if(displayOnlyShowBirthPriv!=null && displayOnlyShowBirthPriv!=void && displayOnlyShowBirthPriv.equalsIgnoreCase("Expand"))
          {
            hide=false;
          }
        }
        return hide;
          ]]></Source></Script>
        </value>
      </entry>
     </Map>
   </Attributes>
  </Field>
  <Field displayName="entmgmt_entitlementcreate_ent_is_privileged" helpKey="entmgmt_entitlementcreate_ent_is_privileged_help"  name="extended.entPrivileged">
  <Attributes>
     <Map>
     <entry key="hidden">
     <value>
     <Script><Source><![CDATA[
            boolean hide=true;
            if(modelBasePath != null && modelBasePath != void)
          {
            String displayOnlyShowBirthPriv=$(displayOnly.showBirthPriv);
              if(displayOnlyShowBirthPriv!=null && displayOnlyShowBirthPriv!=void && displayOnlyShowBirthPriv.equalsIgnoreCase("Expand"))
          {
            hide=false;
          }
        }
        return hide;
          ]]></Source></Script>
        </value>
      </entry>
      </Map>
      </Attributes>
   <ValidationScript>
  	   <Source><![CDATA[
	        if(modelBasePath  != null && modelBasePath != void)
	        {
  				List valuePrivType = $(extended.apaccountType);
  				if(valuePrivType != null && valuePrivType!=void && valuePrivType.size()>=1 && (value==null || value==void || value.equalsIgnoreCase("FALSE")))
   				{
   					return "entmgmt_entitlementcreate_priv_required";
   				}
   			}
  	]]></Source>
    </ValidationScript>
   <AllowedValuesDefinition>
        <Script>
          <Source><![CDATA[
			List list = new ArrayList();	
			List displayList = new ArrayList();
			displayList.add("TRUE");
			displayList.add("TRUE");
			list.add(displayList);
			displayList = new ArrayList();
			displayList.add("FALSE");
			displayList.add("FALSE");
			list.add(displayList);
			return list;
			]]></Source>
        </Script>
      </AllowedValuesDefinition>
  </Field>
  <Field displayName="entmgmt_entitlementcreate_ent_is_privileged_type" helpKey="entmgmt_entitlementcreate_ent_is_privileged_type_help"  name="extended.apaccountType" multi="true">
   <Attributes>
     <Map>
     <entry key="hidden">
     <value>
     <Script><Source><![CDATA[
            boolean hide=true;
            if(modelBasePath != null && modelBasePath != void)
          {
            String displayOnlyShowBirthPriv=$(displayOnly.showBirthPriv);
              if(displayOnlyShowBirthPriv!=null && displayOnlyShowBirthPriv!=void && displayOnlyShowBirthPriv.equalsIgnoreCase("Expand"))
          {
            hide=false;
          }
        }
        return hide;
          ]]></Source></Script>
        </value>
      </entry>
      </Map>
      </Attributes>
   <AllowedValuesDefinition>
        <Script>
          <Source><![CDATA[
            import sailpoint.rapidapponboarding.rule.EntitlementMgtUtil;
            List privTypeList = new ArrayList();
            if(modelBasePath  != null && modelBasePath != void)
            {
            	String appName=$(sys.application.name);
            	privTypeList = EntitlementMgtUtil.listOfUniqExtAttrValues(context, appName, "apaccountType","Link");
            }
            return privTypeList;
			]]></Source>
        </Script>
      </AllowedValuesDefinition>
  </Field>
  <Field displayName="entmgmt_entitlementcreate_ent_is_birth_privileged_manualOverride" helpKey="entmgmt_entitlementcreate_ent_is_birth_privileged_manualOverride_help"  name="extended.manualOverride">
   <Attributes>
     <Map>
     <entry key="hidden">
     <value>
     <Script><Source><![CDATA[
            boolean hide=true;
            if(modelBasePath != null && modelBasePath != void)
          {
            String displayOnlyShowBirthPriv=$(displayOnly.showBirthPriv);
              if(displayOnlyShowBirthPriv!=null && displayOnlyShowBirthPriv!=void && displayOnlyShowBirthPriv.equalsIgnoreCase("Expand"))
          {
            hide=false;
          }
        }
        return hide;
          ]]></Source></Script>
        </value>
      </entry>
      </Map>
      </Attributes>
   <AllowedValuesDefinition>
        <Script>
          <Source><![CDATA[
			List list = new ArrayList();	
			List displayList = new ArrayList();
			displayList.add("TRUE");
			displayList.add("TRUE");
			list.add(displayList);
			displayList = new ArrayList();
			displayList.add("FALSE");
			displayList.add("FALSE");
			list.add(displayList);
			return list;
			]]></Source>
        </Script>
      </AllowedValuesDefinition>
  </Field>
  </Section>
  <Section label="entmgmt_entitlementcreate_ent_authorization_subtitle_label" columns="2">
    <Attributes>
     <Map>
     <entry key="hidden">
     <value>
     <Script><Source><![CDATA[
          	 	 boolean hide=true;
         	 	 if(modelBasePath != null && modelBasePath != void)
         		 {
         		    if($(displayOnly.advancedSettings)!=null)
         		    {
		             	 boolean show=$(displayOnly.advancedSettings);
		             	 if(show)
		             	 {
		             	 	hide=false;
		             	 }
	             	 }
      		 	}
       			return hide;
          ]]></Source></Script>
        </value>
      </entry>
      </Map>
   </Attributes>
  <Field displayName="entmgmt_entitlementcreate_ent_authorization_subtitle" name="displayOnly.showpropAuth" postBack="true" columnSpan="2">
  <AllowedValues>
  <String>Expand</String>
  <String>Condense</String>
  </AllowedValues>
   </Field>
  <Field displayName="entmgmt_entitlementcreate_ent_authorization" helpKey="entmgmt_entitlementcreate_ent_authorization_help"  name="extended.entAppName" columnSpan="2" displayType="combobox">
   <Attributes>
     <Map>
     <entry key="hidden">
     <value>
     <Script><Source><![CDATA[
            boolean hide=true;
            if(modelBasePath != null && modelBasePath != void)
          {
            String displayOnlyShowpropAuth=$(displayOnly.showpropAuth);
              if(displayOnlyShowpropAuth!=null && displayOnlyShowpropAuth!=void && displayOnlyShowpropAuth.equalsIgnoreCase("Expand"))
          {
            hide=false;
          }
        }
        return hide;
          ]]></Source></Script>
        </value>
      </entry>
      </Map>
      </Attributes>
   <AllowedValuesDefinition>
        <Script>
          <Source><![CDATA[
            import sailpoint.rapidapponboarding.rule.EntitlementMgtUtil;
            List appAuthorizatioNlist = new ArrayList();
            if(modelBasePath  != null && modelBasePath != void)
            {
            	String appName=$(sys.application.name);
            	appAuthorizatioNlist = EntitlementMgtUtil.listOfUniqExtAttrValues(context, appName, "entAppName","ManagedAttribute");
            }
            return appAuthorizatioNlist;
			]]></Source>
        </Script>
      </AllowedValuesDefinition>
  </Field>
  <Field displayName="entmgmt_entitlementcreate_ent_expiration" helpKey="entmgmt_entitlementcreate_ent_expiration_help" type="date" name="extended.apentExp" columnSpan="2">
   <Attributes>
     <Map>
     <entry key="hidden">
     <value>
     <Script><Source><![CDATA[
            boolean hide=true;
            if(modelBasePath != null && modelBasePath != void)
          	{
	            String displayOnlyShowpropAuth=$(displayOnly.showpropAuth);
	            if(displayOnlyShowpropAuth!=null && displayOnlyShowpropAuth!=void && displayOnlyShowpropAuth.equalsIgnoreCase("Expand"))
	          	{
	           	 hide=false;
	          	}
        	}
        	return hide;
          ]]></Source></Script>
        </value>
      </entry>
      </Map>
      </Attributes>
  </Field>
  </Section>
</Form>