<?xml version='1.0' encoding='UTF-8'?>
<!DOCTYPE Form PUBLIC "sailpoint.dtd" "sailpoint.dtd">
<Form name="Form-Entitlement-Mgmt-EntitlementSelect">
  <Attributes>
    <Map>
      <entry key="labelAlign" value="top"/>
      <entry key="subtitle" value="entitlementmanagement_groupselect_subtitle"/>
      <entry key="title" value="entitlementmanagement_groupselect_title"/>
    </Map>
  </Attributes>
  <Button action="next" label="entitlementmanagement_groupselect_button_submit"/>
  <Button action="cancel" label="entitlementmanagement_groupselect_button_cancel" skipValidation="true" value="true"/>
  <Section>
    <Field displayName="entitlementmanagement_groupselect_application" helpKey="entitlementmanagement_groupselect_application_help" name="entitlementApplicationId" postBack="true" required="true" type="Application">
      <AllowedValuesDefinition>
        <Script>
          <Source>
            <![CDATA[
				import sailpoint.rapidapponboarding.rule.EntitlementMgtUtil;
	            List allowedVals = new ArrayList();
	          	allowedVals=EntitlementMgtUtil.getAllowedObjectTypesApplications(context);
				return allowedVals;
			]]>
		  </Source>
        </Script>
      </AllowedValuesDefinition>
      <Attributes>
        <Map>
          <entry key="hidden">
            <value>
              <Script>
                <Source>
		            <![CDATA[
		            	import sailpoint.rapidapponboarding.rule.EntitlementMgtUtil;
			   			boolean retVal = false;
			          	List allowedVals = new ArrayList();
			          	allowedVals=EntitlementMgtUtil.getAllowedObjectTypesApplications(context);
						if(allowedVals.size() == 1)
						{
							retVal = true;
						}
						return retVal;
					]]>
				</Source>
              </Script>
            </value>
          </entry>
        </Map>
      </Attributes>
      <Script>
        <Source>
            <![CDATA[
				import sailpoint.rapidapponboarding.rule.EntitlementMgtUtil;
	   			Object retVal = null;
	          	List allowedVals = new ArrayList();
	          	allowedVals=EntitlementMgtUtil.getAllowedObjectTypesApplications(context);
				if(allowedVals.size() == 1)
				{
					List idToName = allowedVals.get(0);
					retVal = idToName.get(0);
				}
				return retVal;
			]]>
		</Source>
      </Script>
    </Field>
    <Field displayName="entitlementmanagement_groupselect_type" dynamic="true" helpKey="entitlementmanagement_groupselect_type" name="entitlementAttributeType" postBack="true" required="true" type="string">
      <AllowedValuesDefinition>
        <Script>
          <Source>
            <![CDATA[
	          	import sailpoint.rapidapponboarding.rule.EntitlementMgtUtil;
	   			List allowedVals = new ArrayList();
				if(entitlementApplicationId != null && entitlementApplicationId != void)
				{
					 allowedVals=EntitlementMgtUtil.getAllowedObjectTypesPerApp(context,entitlementApplicationId);
				}
				else
				{
					 allowedVals=EntitlementMgtUtil.getAllowedObjectTypes(context);
				}
				return allowedVals;
			]]>
		  </Source>
        </Script>
      </AllowedValuesDefinition>
      <Attributes>
        <Map>
          <entry key="hidden">
            <value>
              <Script>
                <Source>
                	<![CDATA[
	                	import sailpoint.rapidapponboarding.rule.EntitlementMgtUtil;
			   			boolean retVal = true;
			          	List allowedVals = new ArrayList();
						if(entitlementApplicationId != null && entitlementApplicationId != void)
						{
							allowedVals=EntitlementMgtUtil.getAllowedObjectTypesPerApp(context,entitlementApplicationId);
							if(allowedVals.size() > 0){
								retVal = false;
							}
						}
						return retVal;
					]]>
				</Source>
              </Script>
            </value>
          </entry>
        </Map>
      </Attributes>
      <Script>
        <Source>
            <![CDATA[
				import sailpoint.rapidapponboarding.rule.EntitlementMgtUtil;
	   		  	Object retVal = null;
	          	List allowedVals = new ArrayList();
				if(entitlementApplicationId != null && entitlementApplicationId != void)
				{
					 allowedVals=EntitlementMgtUtil.getAllowedObjectTypesPerApp(context,entitlementApplicationId);
				}
				else
				{
					 allowedVals=EntitlementMgtUtil.getAllowedObjectTypes(context);
				}
				if(allowedVals.size() == 1){
					retVal = allowedVals.get(0);
				}
				return retVal;
			]]>
		</Source>
      </Script>
    </Field>
    <Field displayName="entitlementmanagement_groupselect_value" dynamic="true" helpKey="entitlementmanagement_groupselect_value_help" name="entitlementValue" type="ManagedAttribute" required="true">
      <Attributes>
        <Map>
          <entry key="hidden">
            <value>
              <Script>
                <Source>
                	<![CDATA[
			   			boolean retVal = true;
						if(entitlementApplicationId != null && entitlementApplicationId != void  && entitlementAttributeType != null && entitlementAttributeType != void)
						{
							retVal = false;
						}
						return retVal;
					]]>
				</Source>
              </Script>
            </value>
          </entry>
        </Map>
      </Attributes>
      <Script>
        <Source>
            <![CDATA[
              import sailpoint.rapidapponboarding.rule.EntitlementMgtUtil;
 			  EntitlementMgtUtil.setFilterStringScoping(context,isEntitlementAdministrator,entitlementApplicationId,entitlementAttributeType,launcher,field);
			]]>
		</Source>
      </Script>
    </Field>
  </Section>
</Form>