<?xml version='1.0' encoding='UTF-8'?>
<!DOCTYPE Form PUBLIC "sailpoint.dtd" "sailpoint.dtd">
<Form name="Form-Entitlement-Mgmt-Global" type="Workflow">
      <Attributes>
	    <Map>
	      <entry key="title" value="entitlementmanagement_global_title"/>
	      <entry key="isWizard">
	      <value>
            <Script>
              <Source>
              <![CDATA[
			    if(acceleratorPackSectionAttributes!=null && acceleratorPackSectionAttributes.containsKey("acceleratorPackIsWizard"))
				 {
				   if(acceleratorPackSectionAttributes.get("acceleratorPackIsWizard")!=null && acceleratorPackSectionAttributes.get("acceleratorPackIsWizard").equalsIgnoreCase("TRUE"))
				   {
				    return true;
				   }
				 }
				 else
				 {
				    return false;
				 }
				]]>
			</Source>
            </Script>
            </value>
            </entry>
	     </Map>
	  </Attributes>
	  <Description>Entitlement Management Global Definitions</Description>
     <!--PROVISIONING-->
	<Section label="entitlementmanagement_global_prov_track" name="Provisioning" columns="2">
     <Field displayName="entitlementmanagement_global_identity_workflow" name="identityWorkflow" >
     <AllowedValuesDefinition>
		<Script>
			<Source>
			import sailpoint.rapidapponboarding.rule.EntitlementMgtUtil;
			return EntitlementMgtUtil.getAllLcmWorkflows(context);
			</Source>
		</Script>
	 </AllowedValuesDefinition>
     </Field>
     <Field displayName="entitlementmanagement_global_identity_requestType"  name="identityRequestType" >
      <AllowedValuesDefinition>
	        <Script>
	               <Source><![CDATA[
						List list = new ArrayList();
						List displayList = new ArrayList();
						displayList.add("Normal");
						displayList.add("entitlementmanagement_global_entitlement_normal");
						list.add(displayList);
						displayList = new ArrayList();
						displayList.add("Bypass");
						displayList.add("entitlementmanagement_global_entitlement_bypass");
						list.add(displayList);
						return list;
				]]></Source>
	           </Script>
	   </AllowedValuesDefinition>
     </Field>
     <Field displayName="entitlementmanagement_global_retries" name="provisioningMaxRetries"  type="Integer" >
     </Field>
     <Field displayName="entitlementmanagement_global_retry_interval" name="provisioningRetryThreshold"  type="Integer" >
     </Field>
     <Field displayName="entitlementmanagement_global_entitlement_revert" name="undoEntitlementChangesOnFailure" >
        <AllowedValuesDefinition>
		 <Script>
           <Source><![CDATA[
             	List list = new ArrayList();
				List displayList = new ArrayList();
				displayList.add("TRUE");
				displayList.add("ON");
				list.add(displayList);
				displayList = new ArrayList();
				displayList.add("FALSE");
				displayList.add("OFF");
				list.add(displayList);
				return list;
			]]></Source>
           </Script>
	 </AllowedValuesDefinition>
     </Field>
     <Field displayName="entitlementmanagement_global_tracking_id" name="generateRequestId"  type="boolean" >
     </Field>
     </Section>
     <!-- CRTEATE -->
     <Section label="entitlementmanagement_global_create" name="Create Workflow" columns="2">
     <Field displayName="entitlementmanagement_global_create_selection_form"  type="Form" name="createObjectTypeSelectCustomForm" >
     <Attributes>
	  <Map>
	    <entry key="valueProperty" value="name"/>
       </Map>
     </Attributes>
     </Field>
     <Field displayName="entitlementmanagement_global_create_form"  type="Form" name="createEntitlementCustomForm" >
     <Attributes>
	  <Map>
	    <entry key="valueProperty" value="name"/>
       </Map>
     </Attributes>
     </Field>
     <Field displayName="entitlementmanagement_global_create_confirmation_form"  type="Form" name="createEntitlementCustomConfirmationForm" >
     <Attributes>
	  <Map>
	    <entry key="valueProperty" value="name"/>
       </Map>
     </Attributes>
     </Field>
     <Field displayName="entitlementmanagement_global_create_confirmation_skip_form"  type="boolean" name="createEntitlementSkipConfirmation" >
     </Field>
     <Field displayName="entitlementmanagement_global_create_pre_rule"  type="Rule" name="apEntMgmtCreatePreProvisionRule" >
     <Attributes>
	  <Map>
	    <entry key="valueProperty" value="name"/>
       </Map>
     </Attributes>
     </Field>
 	<Field displayName="entitlementmanagement_global_create_post_rule"  type="Rule" name="apEntMgmtCreatePostProvisionRule" >
     <Attributes>
	  <Map>
	    <entry key="valueProperty" value="name"/>
       </Map>
     </Attributes>
     </Field>
          <Field displayName="entitlementmanagement_global_create_pre_form_rule"  type="Rule" name="apEntMgmtCreatePreFormRule" >
     <Attributes>
	  <Map>
	    <entry key="valueProperty" value="name"/>
       </Map>
     </Attributes>
     </Field>
 	<Field displayName="entitlementmanagement_global_create_post_form_rule"  type="Rule" name="apEntMgmtCreatePostFormRule" >
     <Attributes>
	  <Map>
	    <entry key="valueProperty" value="name"/>
       </Map>
     </Attributes>
     </Field>
     <Field displayName="entitlementmanagement_global_create_form_validation_rule"  type="Rule" name="apCreateEntitlementDisplayNameValidationRule" >
     <Attributes>
	  <Map>
	    <entry key="valueProperty" value="name"/>
       </Map>
     </Attributes>
     </Field>
     </Section>
     <!-- EDIT -->
     <Section label="entitlementmanagement_global_edit" name="Edit Workflow" columns="2">
     <Field displayName="entitlementmanagement_global_edit_steward_scoping"  type="boolean" name="allowStewardsScoping" >
     </Field>
      <Field displayName="entitlementmanagement_global_edit_custodian_scoping"  type="boolean" name="allowCustodiansScoping" >
     </Field>
     <Field displayName="entitlementmanagement_global_edit_selection_form"  type="Form" name="entitlementSelectCustomForm" >
     <Attributes>
	  <Map>
	    <entry key="valueProperty" value="name"/>
       </Map>
     </Attributes>
     </Field>
     <Field displayName="entitlementmanagement_global_edit_form"  type="Form" name="editEntitlementCustomForm" >
     <Attributes>
	  <Map>
	    <entry key="valueProperty" value="name"/>
       </Map>
     </Attributes>
     </Field>
      <Field displayName="entitlementmanagement_global_edit_confirmation_form"  type="Form" name="editEntitlementCustomConfirmationForm" >
     <Attributes>
	  <Map>
	    <entry key="valueProperty" value="name"/>
       </Map>
     </Attributes>
     </Field>
     <Field displayName="entitlementmanagement_global_edit_confirmation_skip_form"  type="boolean" name="editEntitlementSkipConfirmation" >
     </Field>
     <Field displayName="entitlementmanagement_global_edit_pre_rule"  type="Rule" name="apEntMgmtEditPreProvisionRule" >
     <Attributes>
	  <Map>
	    <entry key="valueProperty" value="name"/>
       </Map>
     </Attributes>
     </Field>
 	<Field displayName="entitlementmanagement_global_edit_post_rule"  type="Rule" name="apEntMgmtEditPostProvisionRule" >
     <Attributes>
	  <Map>
	    <entry key="valueProperty" value="name"/>
       </Map>
     </Attributes>
     </Field>
          <Field displayName="entitlementmanagement_global_edit_pre_form_rule"  type="Rule" name="apEntMgmtEditPreFormRule" >
     <Attributes>
	  <Map>
	    <entry key="valueProperty" value="name"/>
       </Map>
     </Attributes>
     </Field>
 	<Field displayName="entitlementmanagement_global_edit_post_form_rule"  type="Rule" name="apEntMgmtEditPostFormRule" >
     <Attributes>
	  <Map>
	    <entry key="valueProperty" value="name"/>
       </Map>
     </Attributes>
     </Field>
     </Section>
      <!-- EXPIRING -->
     <Section label="entitlementmanagement_global_expiring" name="Expiring Workflow" columns="2">
     <Field displayName="entitlementmanagement_global_expiring_form"  type="Form" name="expiringEntitlementCustomForm" >
     <Attributes>
	  <Map>
	    <entry key="valueProperty" value="name"/>
       </Map>
     </Attributes>
     </Field>
      <Field displayName="entitlementmanagement_global_expiring_confirmation_form"  type="Form" name="expiringEntitlementCustomConfirmationForm" >
     <Attributes>
	  <Map>
	    <entry key="valueProperty" value="name"/>
       </Map>
     </Attributes>
     </Field>
     <Field displayName="entitlementmanagement_global_expiring_confirmation_skip_form"  type="boolean" name="expiringEntitlementSkipConfirmation" >
     </Field>
     <Field displayName="entitlementmanagement_global_expiring_pre_rule"  type="Rule" name="apEntMgmtExpiringPreProvisionRule" >
     <Attributes>
	  <Map>
	    <entry key="valueProperty" value="name"/>
       </Map>
     </Attributes>
     </Field>
 	<Field displayName="entitlementmanagement_global_expiring_post_rule"  type="Rule" name="apEntMgmtExpiringPostProvisionRule" >
     <Attributes>
	  <Map>
	    <entry key="valueProperty" value="name"/>
       </Map>
     </Attributes>
     </Field>
          <Field displayName="entitlementmanagement_global_expiring_pre_form_rule"  type="Rule" name="apEntMgmtExpiringPreFormRule" >
     <Attributes>
	  <Map>
	    <entry key="valueProperty" value="name"/>
       </Map>
     </Attributes>
     </Field>
 	<Field displayName="entitlementmanagement_global_expiring_post_form_rule"  type="Rule" name="apEntMgmtExpiringPostFormRule" >
     <Attributes>
	  <Map>
	    <entry key="valueProperty" value="name"/>
       </Map>
     </Attributes>
     </Field>
     </Section>
      <!-- Orphan -->
     <Section label="entitlementmanagement_global_orphan" name="Expiring Workflow" columns="2">
     <Field displayName="entitlementmanagement_global_orphan_form"  type="Form" name="orphanEntitlementCustomForm" >
     <Attributes>
	  <Map>
	    <entry key="valueProperty" value="name"/>
       </Map>
     </Attributes>
     </Field>
      <Field displayName="entitlementmanagement_global_orphan_confirmation_form"  type="Form" name="orphanEntitlementCustomConfirmationForm" >
     <Attributes>
	  <Map>
	    <entry key="valueProperty" value="name"/>
       </Map>
     </Attributes>
     </Field>
     <Field displayName="entitlementmanagement_global_orphan_confirmation_skip_form"  type="boolean" name="orphanEntitlementSkipConfirmation" >
     </Field>
     <Field displayName="entitlementmanagement_global_orphan_pre_rule"  type="Rule" name="apEntMgmtOrphanPreProvisionRule" >
     <Attributes>
	  <Map>
	    <entry key="valueProperty" value="name"/>
       </Map>
     </Attributes>
     </Field>
 	<Field displayName="entitlementmanagement_global_orphan_post_rule"  type="Rule" name="apEntMgmtOrphanPostProvisionRule" >
     <Attributes>
	  <Map>
	    <entry key="valueProperty" value="name"/>
       </Map>
     </Attributes>
     </Field>
          <Field displayName="entitlementmanagement_global_orphan_pre_form_rule"  type="Rule" name="apEntMgmtOrphanPreFormRule" >
     <Attributes>
	  <Map>
	    <entry key="valueProperty" value="name"/>
       </Map>
     </Attributes>
     </Field>
 	<Field displayName="entitlementmanagement_global_orphan_post_form_rule"  type="Rule" name="apEntMgmtOrphanPostFormRule" >
     <Attributes>
	  <Map>
	    <entry key="valueProperty" value="name"/>
       </Map>
     </Attributes>
     </Field>
     </Section>
	 <Section label="entitlementmanagement_global_layout_approval_label" name="acceleratorPackEntitlementMgtApprovals" columns="2">
	 <Field displayName="entitlementmanagement_global_auto_approve_message" name="autoApproveMessage" >
     </Field>
       <Field displayName="entitlementmanagement_global_auto_reject_message" name="autoRejectMessage" >
     </Field>
     <Field displayName="entitlementmanagement_global_orphan_work_item_desc" name="orphanWorkItemDescription" >
     </Field>
     <Field displayName="entitlementmanagement_global_expiring_work_item_desc" name="expiringWorkItemDescription" >
     </Field>
     <Field displayName="entitlementmanagement_global_leaverSync_work_item_desc" name="leaverSyncWorkItemDescription" >
     </Field>
     <Field displayName="entitlementmanagement_global_approvallevels_none" name="apAllowNoApprovalsForCreateAndEdit" >
        <AllowedValuesDefinition>
		 <Script>
           <Source><![CDATA[
            List list = new ArrayList();
			List displayList = new ArrayList();
			displayList.add("TRUE");
			displayList.add("ON");
			list.add(displayList);
			displayList = new ArrayList();
			displayList.add("FALSE");
			displayList.add("OFF");
			list.add(displayList);
			return list;
			]]></Source>
           </Script>
	 </AllowedValuesDefinition>
     </Field>
	 <Field displayName="entitlementmanagement_global_approvallevels_create" name="EntitlementCreate" multi="true" >
        <AllowedValuesDefinition>
		 <Script>
           <Source><![CDATA[
              	import sailpoint.rapidapponboarding.rule.EntitlementMgtUtil; 
           		 return EntitlementMgtUtil.displayApprovalValues(context);
			]]></Source>
           </Script>
	 </AllowedValuesDefinition>
     </Field>
     <Field displayName="entitlementmanagement_global_approvallevels_edit" name="EntitlementEdit" multi="true" >
        <AllowedValuesDefinition>
		 <Script>
           <Source><![CDATA[
            	 import sailpoint.rapidapponboarding.rule.EntitlementMgtUtil; 
           		 return EntitlementMgtUtil.displayApprovalValues(context);
			]]></Source>
           </Script>
	 </AllowedValuesDefinition>
     </Field>
     <Field displayName="entitlementmanagement_global_approvallevels_expiring" name="EntitlementExpiring" multi="true" >
        <AllowedValuesDefinition>
		 <Script>
           <Source><![CDATA[
             	import sailpoint.rapidapponboarding.rule.EntitlementMgtUtil; 
           		 return EntitlementMgtUtil.displayApprovalValues(context);
			]]></Source>
           </Script>
	 </AllowedValuesDefinition>
     </Field>
     <Field displayName="entitlementmanagement_global_approvallevels_expired" name="EntitlementExpired" multi="true" >
        <AllowedValuesDefinition>
		 <Script>
           <Source><![CDATA[
             	import sailpoint.rapidapponboarding.rule.EntitlementMgtUtil; 
           		 return EntitlementMgtUtil.displayApprovalValues(context);
			]]></Source>
           </Script>
	 </AllowedValuesDefinition>
     </Field>
     <Field displayName="entitlementmanagement_global_approvallevels_orphan" name="EntitlementOrphan" multi="true" >
        <AllowedValuesDefinition>
		 <Script>
           <Source><![CDATA[
             	import sailpoint.rapidapponboarding.rule.EntitlementMgtUtil; 
           		 return EntitlementMgtUtil.displayApprovalValues(context);
			]]></Source>
           </Script>
	 </AllowedValuesDefinition>
     </Field>
	<Field displayName="entitlementmanagement_global_layout_approval_auto" name="apEnableAutoApprovalsEntitlementRequest" type="string" postBack="true">
	<AllowedValuesDefinition>
        <Script>
               <Source><![CDATA[
				List list = new ArrayList();	
				List displayList = new ArrayList();
				displayList.add("TRUE");
				displayList.add("ON");
				list.add(displayList);
				displayList = new ArrayList();
				displayList.add("FALSE");
				displayList.add("OFF");
				list.add(displayList);
				return list;
			]]></Source>
           </Script>
        </AllowedValuesDefinition>
	     </Field>
	    	<Field displayName="entitlementmanagement_global_layout_approval_elect" name="electronicSignature"  type="string" >
		  	 <AllowedValuesDefinition>
	         	<Script>
	           	<Source><![CDATA[
					List list = new ArrayList();	
					List displayList = new ArrayList();
					displayList.add("Group Management Electronic Signature");
					displayList.add("ON");
					list.add(displayList);
					displayList = new ArrayList();
					displayList.add("No Electronic Signature Required");
					displayList.add("OFF");
					list.add(displayList);
					return list;
				]]></Source>
	           </Script>
	        	</AllowedValuesDefinition>
	        </Field>
	        <Field displayName="entitlementmanagement_global_layout_approval_hours_first_reminder" name="hoursTillEscalation" type="string" >
		    </Field>
	        <Field displayName="entitlementmanagement_global_layout_approval_reminders_escalation" name="maxReminders" type="string" >
		    </Field>
		    <Field displayName="entitlementmanagement_global_layout_approval_hours_reminders" name="hoursBetweenReminders" type="string" >
		    </Field>
	        <Field displayName="entitlementmanagement_global_layout_approval_workitem_exp"  name="hoursTillExpiration" type="string" >
		    </Field>
		    <Field displayName="entitlementmanagement_global_layout_approval_approval_notifications" name="disableApprovalNotifications" type="string" >
		   <AllowedValuesDefinition>
	        <Script>
	               <Source><![CDATA[
				List list = new ArrayList();	
				List displayList = new ArrayList();
				displayList.add("true");
				displayList.add("DO NOT SEND NOTIFICATIONS");
				list.add(displayList);
				displayList = new ArrayList();
				displayList.add("false");
				displayList.add("SEND NOTIFICATIONS");
				list.add(displayList);
				return list;
				]]></Source>
	           </Script>
       		 </AllowedValuesDefinition>
		    </Field>
		     <Field displayName="entitlementmanagement_global_layout_approval_notify_scheme" name="escalationStyle"  type="string" >
		      <AllowedValuesDefinition>
        	<Script>
            <Source><![CDATA[
			List list = new ArrayList();	
			List displayList = new ArrayList();
			displayList.add("reminder");
			displayList.add("Only Reminders");
			list.add(displayList);
			displayList = new ArrayList();
			displayList.add("escalation");
			displayList.add("Only Escalations");
			list.add(displayList);
			displayList = new ArrayList();
			displayList.add("both");
			displayList.add("Both Reminders and Escalations");
			list.add(displayList);
			displayList = new ArrayList();
			displayList.add("None");
			displayList.add("None");
			list.add(displayList);
			return list;
			]]></Source>
           </Script>
        </AllowedValuesDefinition>
		</Field>
         <Field displayName="entitlementmanagement_global_layout_approval_esc_options" name="escalationType"  displayType="radio" type="string" postBack="true" >
	       <AllowedValuesDefinition>
       		<Script>
              <Source><![CDATA[
			List list = new ArrayList();	
			List displayList = new ArrayList();
			displayList.add("emailToManager");
			displayList.add("No Reassignment Send an Email to Owner's Manager and cc the Owner");
			list.add(displayList);
			displayList = new ArrayList();
			displayList.add("directManager");
			displayList.add("Reassignment To Manager");
			list.add(displayList);
			displayList = new ArrayList();
			displayList.add("sameLevel");
			displayList.add("Escalation Rule");
			list.add(displayList);
			return list;
			]]></Source>
           </Script>
        </AllowedValuesDefinition>
	 </Field>
	 <Field displayName="entitlementmanagement_global_layout_approval_esc_rule" name="escalationSameLevelRule"  type="Rule" required="true" dynamic="true">
	 	<Attributes>
	   	<Map>
	   		 <entry key="hidden">
	            <value>
	              <Script>
	                <Source>
	                	<![CDATA[
	                	if(escalationType!=null&& escalationType.equalsIgnoreCase("sameLevel"))
	                	{
	                		return false;
	                	}
	                	else
	                	{
	                		return true;
	                	}
	                 ]]>
	                </Source>
	              </Script>
	              </value>
              </entry>
               <entry key="valueProperty" value="name"/>
            </Map>
         </Attributes>
	     </Field>
	     <Field displayName="entitlementmanagement_global_layout_approval_entitlement_admin" name="apEntMgmtAdminApprover" type="Identity" >
	     <Attributes>
	     <Map>
	    <entry key="valueProperty" value="name"/>
		<entry key="hidden">
            <value>
              <Script>
                <Source>
                	<![CDATA[
                	import sailpoint.object.Filter;
                	Filter filter= Filter.eq("workgroup", true );
               	    field.setFilterString(filter.toString());
               	    return false;
                 ]]>
                </Source>
              </Script>
              </value>
              </entry>
              </Map>
           </Attributes>
	     </Field>
	     </Section>
	     <!-- Notifications -->
	   <Section label="entitlementmanagement_global_email_notifications" name="Expiring Workflow" columns="2">
	 	<Field displayName="entitlementmanagement_global_orphan_req_display_name" name="requestorOrphanName" >
     	</Field>
     	<Field displayName="entitlementmanagement_global_expiring_req_display_name" name="requestorExpiringName" >
     	</Field>
     	<Field displayName="entitlementmanagement_global_expired_req_display_name" name="requestorExpiredName" >
     	</Field>
     	<Field displayName="entitlementmanagement_global_leaverSync_req_display_name" name="requestorLeaverSyncName" >
    	</Field>
	    <Field displayName="entitlementmanagement_global_layout_approval_notifify" name="notifyEmailTemplate" type="EmailTemplate">
     	<Attributes>
     	<Map>
    	 <entry key="valueProperty" value="name"/>
   	 	</Map>
       	</Attributes>
	    </Field>
	     <Field displayName="entitlementmanagement_global_layout_approval_reminder" name="reminderEmailTemplate" type="EmailTemplate">
	     <Attributes>
	     <Map>
	     <entry key="valueProperty" value="name"/>
	    </Map>
        </Attributes>
	    </Field>
	     <Field displayName="entitlementmanagement_global_layout_approval_escalation" name="escalationEmailTemplate" type="EmailTemplate">
	     <Attributes>
	     <Map>
	     <entry key="valueProperty" value="name"/>
	    </Map>
        </Attributes>
	    </Field>
	    <Field displayName="entitlementmanagement_global_layout_approval_manual" name="PendingManualChanges" type="EmailTemplate">
	     <Attributes>
	     <Map>
	     <entry key="valueProperty" value="name"/>
	    </Map>
        </Attributes>
	    </Field>
	     <Field displayName="entitlementmanagement_global_layout_approval_submission" name="RequestSubmission" type="EmailTemplate">
	     <Attributes>
	     <Map>
	     <entry key="valueProperty" value="name"/>
	    </Map>
        </Attributes>
	    </Field>
	     <Field displayName="entitlementmanagement_global_layout_approval_complete" name="RequestCompletion" type="EmailTemplate">
	     <Attributes>
	     <Map>
	     <entry key="valueProperty" value="name"/>
	    </Map>
        </Attributes>
	    </Field>
	     <Field displayName="entitlementmanagement_global_layout_approval_reject" name="Rejection" type="EmailTemplate">
	     <Attributes>
	     <Map>
	     <entry key="valueProperty" value="name"/>
	    </Map>
        </Attributes>
	    </Field>
	     <Field displayName="entitlementmanagement_global_layout_approval_auto_reject" name="AutoRejection" type="EmailTemplate">
	     <Attributes>
	     <Map>
	     <entry key="valueProperty" value="name"/>
	    </Map>
        </Attributes>
	    </Field>
	     <Field displayName="entitlementmanagement_global_layout_approval_expiration" name="Expiring" type="EmailTemplate">
	     <Attributes>
	     <Map>
	     <entry key="valueProperty" value="name"/>
	    </Map>
        </Attributes>
	    </Field>
	     <Field displayName="entitlementmanagement_global_layout_expiring_emailsubject" name="ExpiringSubject">
	     </Field>
	    <Field displayName="entitlementmanagement_global_layout_approval_orphan" name="Orphan" type="EmailTemplate">
	     <Attributes>
	     <Map>
	     <entry key="valueProperty" value="name"/>
	    </Map>
        </Attributes>
	    </Field>
	    <Field displayName="entitlementmanagement_global_layout_orphan_emailsubject" name="OrphanSubject">
	     </Field>
	     <Field displayName="entitlementmanagement_global_layout_approval_expired" name="Expired" type="EmailTemplate">
	     <Attributes>
	     <Map>
	     <entry key="valueProperty" value="name"/>
	    </Map>
        </Attributes>
	    </Field>
	     <Field displayName="entitlementmanagement_global_layout_expired_emailsubject" name="ExpiredSubject">
	     </Field>
	     <Field displayName="entitlementmanagement_global_layout_approval_leaversync" name="LeaverSync" type="EmailTemplate">
	     <Attributes>
	     <Map>
	     <entry key="valueProperty" value="name"/>
	    </Map>
        </Attributes>
	    </Field>
	    <Field displayName="entitlementmanagement_global_layout_leaver_sync_emailsubject" name="LeaverSyncSubject">
	     </Field>
	    </Section>
	    <!-- Workgroup Approvers -->
	     <Section label="entitlementmanagement_global_layout_approval_wg_label" name="acceleratorPackEntitlementMgtWgApprovals" columns="2">
	      <Field displayName="entitlementmanagement_global_layout_workgroupowner_group" name="apWorkgroupPrefixOwners" multi="true">
	     </Field>
	     <Field displayName="entitlementmanagement_global_layout_workgroupowner_group_separator" name="apWorkgroupPrefixOwnersSeparator">
	     </Field>
	     <Field displayName="entitlementmanagement_global_layout_approval_level_one_name_group" name="apWorkgroupPrefixLevelOne" multi="true">
	     </Field>
	     <Field displayName="entitlementmanagement_global_layout_approval_level_one_name_group_separator" name="apWorkgroupPrefixLevelOneSeparator" >
	     </Field>
	     <Field displayName="entitlementmanagement_global_layout_approval_level_two_name_group" name="apWorkgroupPrefixLevelTwo" multi="true">
	     </Field>
	     <Field displayName="entitlementmanagement_global_layout_approval_level_two_name_group_separator" name="apWorkgroupPrefixLevelTwoSeparator">
	     </Field>
	     <Field displayName="entitlementmanagement_global_layout_approval_wg_collapse" name="collapseApprovers" type="boolean">
	     </Field>
		 </Section>
	 <!--BUTTONS-->
 	<Button action="cancel" label="entitlementmanagement_global_cancel"/>
	<Button action="next" label="entitlementmanagement_global_confirm"/>
</Form>
