<?xml version='1.0' encoding='UTF-8'?>
<!DOCTYPE Form PUBLIC "sailpoint.dtd" "sailpoint.dtd">
<Form name="Form-Entitlement-Mgmt-LeaverSyncEntitlement" type="Workflow">
  <Attributes>
    <Map>
      <entry key="labelAlign" value="top"/>
      <entry key="title" value="entmgmt_entitlementleaversync_title"/>
      <entry key="subtitle" value="entmgmt_entitlementleaversync_subtitle"/>
    </Map>
  </Attributes>
  <Section  columns="2">
   <Field readOnly="true" displayName="entmgmt_entitlementleaversync_old_owner" name="systemEntOwners" required="true" columnSpan="2"/>
   <Field readOnly="true" displayName="entmgmt_entitlementleaversync_entitlements" name="listOfOwnedEntitlementDisplayNames" multi="true" columnSpan="2"/>
  </Section>
  <Button action="cancel" label="entmgmt_entitlement_leaversync_cancel"/>
  <Button action="next" label="entmgmt_entitlement_leaversync_confirm"/>
</Form>