<?xml version="1.0" encoding="UTF-8"?>
<!DOCTYPE Form PUBLIC "sailpoint.dtd" "sailpoint.dtd">
<Form name="Form-OpenLDAP-Entitlement-Mgmt-Create-Group" type="Application">
  <Attributes>
    <Map>
	  <entry key="pageTitle" value="Form-OpenLDAP-Create-Group"/>
	</Map>
  </Attributes>
  <Description/>
  <Section label="entmgmt_entitlementcreate_ent_properties" name="openLdapSection">
    <Attributes>
      <Map>
        <entry key="subtitle" value="entmgmt_entitlementcreate_openldap_subtitle"/>
      </Map>
    </Attributes>
   	 <Field displayName="entmgmt_ou" name="displayOnly.ouBasedn" dynamic="true" required="true">
    	<Attributes>
	      <Map>
	        <entry key="hidden">
	        <value>
	          <Script>
		        <Source><![CDATA[
		        		import sailpoint.rapidapponboarding.rule.EntitlementMgtUtil;
		        		boolean hide=true;
		        		String appName=null;
				    	String entType=null;
				    	if(modelBasePath != null && modelBasePath != void)
			   			{
			   				appName=$(sys.application.name);
			   				entType=$(sys.type);
			   			}
		    			List oUbaseDNs=new ArrayList();
		    			if(appName!=null && appName!=void && entType!=null && entType!=void)
		    			{
		    				oUbaseDNs=EntitlementMgtUtil.getSearchGroupsDNNames(context,appName,entType);
		    			}
		    			if(oUbaseDNs.size() == 1)
		    			{
							hide = true;
						}
						else if (oUbaseDNs.size() >1)
						{
						 	hide = false;
						}
						return hide;
		    		]]></Source>
		      </Script>
	        </value>
	        </entry>
	      </Map>
	    </Attributes>
	    <Script><Source><![CDATA[
	    	import sailpoint.rapidapponboarding.rule.EntitlementMgtUtil;
			Object retVal = null;
            List allowedVals = new ArrayList();
            String appName=null;
	    	String entType=null;
	    	if(value!=void && value!=null)
            {
            	return value;
            }
	    	if(modelBasePath != null && modelBasePath != void)
  			{
  				appName=$(sys.application.name);
  				entType=$(sys.type);
  			}
  			if(appName!=null && appName!=void && entType!=null && entType!=void)
		    {
           	 	allowedVals = EntitlementMgtUtil.getSearchGroupsDNNames(context,appName,entType);
            }
            if(allowedVals.size() == 1)
            {
				retVal = allowedVals.get(0);
			}
			return retVal;
			]]></Source></Script>
	    <AllowedValuesDefinition>
        <Script>
          <Source><![CDATA[
            import sailpoint.rapidapponboarding.rule.EntitlementMgtUtil;
            String appName=null;
	    	String entType=null;
	    	if(modelBasePath != null && modelBasePath != void)
  			{
  				appName=$(sys.application.name);
  				entType=$(sys.type);
  			}
  			if(appName!=null && appName!=void && entType!=null && entType!=void)
		    {
           	 	return EntitlementMgtUtil.getSearchGroupsDNNames(context,appName,entType);
            }
          	]]></Source>
        </Script>
      </AllowedValuesDefinition>
    </Field>
    <Field dynamic="true" name="dn" required="true" displayName="entmgmt_openldap_dn">
     <Attributes>
	      <Map>
	        <entry key="hidden" value="rule:Rule-Entitlement-Mgmt-Hide"/>
	      </Map>
	    </Attributes>
           <Script>
        <Source><![CDATA[
    			Object retVal = null;
   				if(modelBasePath != null && modelBasePath != void)
   				{
   					String nativeIdentity = $(sys.nativeIdentity);
   					if(nativeIdentity!=null)
	   				{
	   					retVal = nativeIdentity;
	   				}
	   			}
   				return retVal;
    		]]></Source>
      </Script>
    </Field>
    <Field dynamic="true" name="cn" required="true" displayName="entmgmt_openldap_cn">
    	<Attributes>
	      <Map>
	        <entry key="hidden" value="rule:Rule-Entitlement-Mgmt-Hide"/>
	      </Map>
	    </Attributes>
      <Script>
        <Source><![CDATA[
    			Object retVal = null;
   				if(modelBasePath  != null && modelBasePath != void)
   				{
   					String displayName = $(sys.displayName);
   					if(displayName!=null)
	   				{
	   					retVal = displayName;
	   				}
	   			}
   				return retVal;
    		]]></Source>
      </Script>
    </Field>
   <Field dynamic="true" name="description" displayName="entmgmt_openldap_description">
    	<Attributes>
	      <Map>
	        <entry key="hidden" value="rule:Rule-Entitlement-Mgmt-Hide"/>
	      </Map>
	    </Attributes>
      <Script>
        <Source><![CDATA[
    			Object retVal = null;
   				if(modelBasePath  != null && modelBasePath != void)
   				{
   					String description = $(sys.description);
   					if(description!=null)
	   				{
	   					retVal = description;
	   				}
	   			}
   				return retVal;
    		]]></Source>
      </Script>
    </Field>
    <Field dynamic="true" name="owner" displayName="entmgmt_openldap_owner">
    	<Attributes>
	      <Map>
	        <entry key="hidden">
	        <value>
	          <Script>
		        <Source><![CDATA[
		        	    import sailpoint.rapidapponboarding.rule.EntitlementMgtUtil;
		        	    boolean hide=true;
		    			String appName=null;
						Object owner=null;
						//Calculate Total Number of Links - if more than one show this field
				  		if(modelBasePath != null && modelBasePath != void)
		    			{
		    				appName=$(sys.application.name);
		    				owner=$(systemEntOwners);
			    			if(appName!=void && appName!=null && owner!=void && owner!=null)
			    			{
				    			List links=EntitlementMgtUtil.getOwnerApproverAppNameForSystemSync(context,appName,owner);
				    			if(links.size() == 1)
				    			{
									hide = true;
								}
								else if (links.size() >1)
								{
								 	hide = false;
								}
							}
						}
		    			return hide;
		    		]]></Source>
		      </Script>
	        </value>
	        </entry>
	      </Map>
	    </Attributes>
	    <Script>
          <Source><![CDATA[
            import sailpoint.rapidapponboarding.rule.EntitlementMgtUtil;
            Object retVal = null;
            List  allowedVals = new ArrayList();
            String appName=null;
			Object owner=null;
			if(value!=void && value!=null)
            {
            	return value;
            }
			//Return if there is only one
	  		if(modelBasePath != null && modelBasePath != void)
   			{
   				appName=$(sys.application.name);
   				owner=$(systemEntOwners);
	   			if(appName!=void && appName!=null && owner!=void && owner!=null)
			    {
				    allowedVals=EntitlementMgtUtil.getOwnerApproverAppNameForSystemSync(context,appName,owner);
		            if(allowedVals.size() == 1)
		            {
						retVal = allowedVals.get(0);
					}
				}
			}
			return retVal;
			]]></Source>
        </Script>
      <AllowedValuesDefinition>
        <Script>
          <Source><![CDATA[
            import sailpoint.rapidapponboarding.rule.EntitlementMgtUtil;
            String appName=null;
			Object owner=null;
            if(modelBasePath != null && modelBasePath != void)
		    {
		    	appName=$(sys.application.name);
   				owner=$(systemEntOwners);
			    if(appName!=void && appName!=null && owner!=void && owner!=null)
			    {
	           	 return EntitlementMgtUtil.getOwnerApproverAppNameForSystemSync(context,appName,owner);
	            }
             }
            ]]></Source>
        </Script>
      </AllowedValuesDefinition>
    </Field>
  </Section>
</Form>
