<?xml version="1.0" encoding="UTF-8"?>
<!DOCTYPE Form PUBLIC "sailpoint.dtd" "sailpoint.dtd">
<Form name="Form-Entitlement-Mgmt-NoObjectTypeSelect" type="Workflow">
  <Attributes>
    <Map>
      <entry key="title" value="entitlementmanagement_entitlementcreate_objecttypeselect_title"/>
      <entry key="subtitle" value="entitlementmanagement_entitlementcreate_objecttypeselect_no_subtitle"/>
    </Map>
  </Attributes>
  <Description>The form used in group management create process to select the application and attribute needed to initiate the attribute form.</Description>
  <Button action="cancel" label="entitlementmanagement_entitlementcreate_objecttypeselect_button_cancel" skipValidation="true"/>
</Form>
