<?xml version='1.0' encoding='UTF-8'?>
<!DOCTYPE Form PUBLIC "sailpoint.dtd" "sailpoint.dtd">
<Form name="Form-Entitlement-Mgmt-OrphanEntitlement" type="Workflow">
  <Attributes>
    <Map>
      <entry key="labelAlign" value="top"/>
      <entry key="title" value="entmgmt_entitlementorphan_title"/>
      <entry key="subtitle" value="entmgmt_entitlementorphan_subtitle"/>
    </Map>
  </Attributes>
  <Button action="next" label="entmgmt_entitlementorphan_button_submit"/>
  <Button action="cancel" label="entmgmt_entitlementedit_button_cancel" skipValidation="true"/>
  <Button action="next" readOnly="true" label="entmgmt_entitlementedit_button_confirm_submit"/>
  <Button action="back" readOnly="true" label="entmgmt_entitlementedit_button_confirm_back"/>
  <Button action="cancel" readOnly="true" label="entmgmt_entitlementedit_button_confirm_cancel" skipValidation="true"/>
   <Section  columns="2">
    <Field readOnly="true" displayName="entmgmt_entitlementorphan_name" name="sys.displayName" required="true" columnSpan="2">
    </Field>
   <Field displayName="entmgmt_entitlementcreate_comment" helpKey="entmgmt_entitlementcreate_comment_help" name="displayOnly.comment" required="true" columnSpan="2"/>
  </Section>
 </Form>