<?xml version="1.0" encoding="UTF-8"?>
<!DOCTYPE Form PUBLIC "sailpoint.dtd" "sailpoint.dtd">
<Form name="Form-Entitlement-Mgmt-ObjectTypeSelect" type="Workflow">
  <Attributes>
    <Map>
      <entry key="title" value="entitlementmanagement_entitlementcreate_objecttypeselect_title"/>
      <entry key="subtitle" value="entitlementmanagement_entitlementcreate_objecttypeselect_subtitle"/>
    </Map>
  </Attributes>
  <Description>The form used in group management create process to select the application and attribute needed to initiate the attribute form.</Description>
  <Section>
    <Field displayName="entitlementmanagement_entitlementcreate_objecttypeselect_application" helpKey="entitlementmanagement_entitlementcreate_objecttypeselect_application_help" name="entitlementApplicationId" postBack="true" required="true" type="Application">
      <AllowedValuesDefinition>
        <Script>
          <Source><![CDATA[
		  	import sailpoint.rapidapponboarding.rule.EntitlementMgtUtil;
          	List allowedVals = EntitlementMgtUtil.getAllowedObjectTypesApplications(context);
         	return allowedVals;
		  ]]></Source>
        </Script>
      </AllowedValuesDefinition>
    </Field>
    <Field displayName="entitlementmanagement_entitlementcreate_objecttypeselect_objecttype" helpKey="entitlementmanagement_entitlementcreate_objecttypeselect_objecttype_help" dynamic="true" name="entitlementAttributeType" required="true" type="string">
      <AllowedValuesDefinition>
        <Script>
          <Source><![CDATA[
          	import sailpoint.rapidapponboarding.rule.EntitlementMgtUtil;
          	List allowedVals = new ArrayList();
			if(entitlementApplicationId != null && entitlementApplicationId != void)
			{
				allowedVals = EntitlementMgtUtil.getAllowedObjectTypesPerApp(context,entitlementApplicationId);
			}
			return allowedVals;
		  ]]></Source>
        </Script>
      </AllowedValuesDefinition>
      <Attributes>
        <Map>
          <entry key="hidden">
            <value>
              <Script>
                <Source><![CDATA[
                	if(entitlementApplicationId != void && entitlementApplicationId != null) {
   						return false;
					}
					return true;
				]]></Source>
              </Script>
            </value>
          </entry>
        </Map>
      </Attributes>
       <Script>
          <Source><![CDATA[
            import sailpoint.rapidapponboarding.rule.EntitlementMgtUtil;
            Object retVal = null;
            List  allowedVals = new ArrayList();
            if(entitlementApplicationId!=void && entitlementApplicationId!=null)
            {
	            allowedVals= EntitlementMgtUtil.getAllowedObjectTypesPerApp(context,entitlementApplicationId);
	            if(allowedVals.size() == 1)
	            {
					retVal = allowedVals.get(0);
				}
			}
			return retVal;
			]]></Source>
		</Script>
    </Field>
  </Section>
  <Button action="next" label="entitlementmanagement_entitlementcreate_objecttypeselect_button_submit"/>
  <Button action="cancel" label="entitlementmanagement_entitlementcreate_objecttypeselect_button_cancel" skipValidation="true"/>
</Form>
