<?xml version='1.0' encoding='UTF-8'?>
<!DOCTYPE Form PUBLIC "sailpoint.dtd" "sailpoint.dtd">
<Form name="Form-Entitlement-Mgmt-ExpiringEntitlement" type="Workflow">
  <Attributes>
    <Map>
      <entry key="labelAlign" value="top"/>
      <entry key="title" value="entmgmt_entitlementexpiring_title"/>
      <entry key="subtitle" value="entmgmt_entitlementexpiring_subtitle"/>
    </Map>
  </Attributes>
  <Button action="next" label="entmgmt_entitlementexpiring_button_submit"/>
  <Button action="cancel" label="entmgmt_entitlementedit_button_cancel" skipValidation="true"/>
  <Button action="next" readOnly="true" label="entmgmt_entitlementedit_button_confirm_submit"/>
  <Button action="back" readOnly="true" label="entmgmt_entitlementedit_button_confirm_back"/>
  <Button action="cancel" readOnly="true" label="entmgmt_entitlementedit_button_confirm_cancel" skipValidation="true"/>
   <Section  columns="2">
    <Field readOnly="true" displayName="entmgmt_entitlementexpiring_name" name="sys.displayName" required="true" columnSpan="2">
    </Field>
   <Field displayName="entmgmt_entitlementcreate_comment" helpKey="entmgmt_entitlementcreate_comment_help" name="displayOnly.comment" required="true" columnSpan="2"/>
  </Section>
  <Section columns="2">
  <Field displayName="entmgmt_entitlementcreate_ent_expiration" helpKey="entmgmt_entitlementcreate_ent_expiration_help" type="date" name="extended.apentExp" columnSpan="2">
  </Field>
  </Section>
  <Section label="entitlementmanagement_mem_expiring_label" columns="2">
  <Attributes>
      <Map>
        <entry key="hidden">
			    <value>
			      <Script><Source><![CDATA[
			      	import sailpoint.tools.Util;
			      	boolean hide=true;
			      	if(modelBasePath != null && modelBasePath != void)
   				    {
   				      	boolean showMember=Util.otob($(transformerOptions.includeMembership));
   				      	if(showMember)
						{
							hide=false;
						}
					}
					return hide;
			      ]]></Source></Script>
			    </value>
			  </entry>
     </Map>
   </Attributes>
  <Field displayName="entmgmt_entitlementedit_members" readOnly="true" name="identityMembership" type='Identity' multi="true"  columnSpan="2">
 	<Attributes>
 			<Map>
 			  <entry key="hidden">
		    <value>
		      <Script><Source><![CDATA[
		      	import sailpoint.tools.Util;
		      	boolean hide=true;
		      	if(modelBasePath != null && modelBasePath != void)
  				    {
  				      	boolean show=Util.otob($(transformerOptions.includeMembership));
					if(show)
					{
						hide=false;
					}
				}
				return hide;
		      ]]></Source></Script>
		    </value>
		  </entry>
	    </Map>
 	</Attributes>
  	</Field>
  </Section>
 </Form>