<?xml version="1.0" encoding="UTF-8"?>
<!DOCTYPE Form PUBLIC "sailpoint.dtd" "sailpoint.dtd">
<Form name="Form-ActiveDirectory-Entitlement-Mgmt-Create-Group" type="Application">
  <Attributes>
    <Map>
	  <entry key="pageTitle" value="Form-ActiveDirectory-Entitlement-Mgmt-Create-Group"/>
    </Map>
  </Attributes>
  <Description/>
  <Section label="entmgmt_entitlementcreate_ent_properties" name="activeDirectorySection" columns="2">
     <Attributes>
      <Map>
        <entry key="subtitle" value="entmgmt_entitlementcreate_ad_subtitle"/>
      </Map>
    </Attributes>
     <Field displayName="entmgmt_ad_forest" name="displayOnly.forest" postBack="true" required="true" columnSpan="2">
    	<Attributes>
	      <Map>
	        <entry key="hidden">
	        <value>
	          <Script>
		        <Source><![CDATA[
		        	    import sailpoint.rapidapponboarding.rule.EntitlementMgtUtil;
		    			boolean hide=true;
		    			String appName=null;
		    			if(modelBasePath != null && modelBasePath != void)
		    			{
		    				appName=$(sys.application.name);
		    			}
		    			if(appName!=void && appName!=null)
		    			{
			    			List forestNames=EntitlementMgtUtil.getForestNames(context,appName);
			    			if(forestNames.size() == 1)
			    			{
								hide = true;
							}
							else if (forestNames.size() >1)
							{
							 	hide = false;
							}
						}
		    			return hide;
		    		]]></Source>
		      </Script>
	        </value>
	        </entry>
	      </Map>
	    </Attributes>
	    <Script>
          <Source><![CDATA[
            import sailpoint.rapidapponboarding.rule.EntitlementMgtUtil;
            Object retVal = null;
            List  allowedVals = new ArrayList();
            String appName=null;
            if(modelBasePath != null && modelBasePath != void)
		    {
		    	appName=$(sys.application.name);
		    }
		    if(appName!=void && appName!=null)
            {
	            allowedVals= EntitlementMgtUtil.getForestNames(context,appName);
	            if(allowedVals.size() == 1)
	            {
					retVal = allowedVals.get(0);
				}
			}
			return retVal;
			]]></Source>
        </Script>
      <AllowedValuesDefinition>
        <Script>
          <Source><![CDATA[
            import sailpoint.rapidapponboarding.rule.EntitlementMgtUtil;
            String appName=null;
            if(modelBasePath != null && modelBasePath != void)
		    {
		    	appName=$(sys.application.name);
		    }
		    if(appName!=void && appName!=null)
            {
           	 return EntitlementMgtUtil.getForestNames(context,appName);
            }
            ]]></Source>
        </Script>
      </AllowedValuesDefinition>
    </Field>
    <Field displayName="entmgmt_ad_domain" name="displayOnly.domain" dynamic="true" postBack="true" required="true">
    	<Attributes>
	      <Map>
	        <entry key="hidden">
	        <value>
	          <Script>
		        <Source><![CDATA[
		        		import sailpoint.rapidapponboarding.rule.EntitlementMgtUtil;
		    			boolean hide=true;
		    			String appName=null;
			            if(modelBasePath != null && modelBasePath != void)
					    {
					    	appName=$(sys.application.name);
					    }
		    			if(appName!=void && appName!=null)
		    			{
			    			List domainNames=EntitlementMgtUtil.getDomainNames(context,appName);
			    			if(domainNames.size() == 1)
			    			{
								hide = true;
							}
							else if (domainNames.size() >1)
							{
							 	hide = false;
							}
						}
						return hide;
		    		]]></Source>
		      </Script>
	        </value>
	        </entry>
	      </Map>
	    </Attributes>
	    <Script><Source><![CDATA[
	    	import sailpoint.rapidapponboarding.rule.EntitlementMgtUtil;
	   		Object retVal = null;
            List allowedVals = new ArrayList();
            String appName=null;
            String forestSelected=null;
            if(value!=void && value!=null)
            {
            	return value;
            }
            if(modelBasePath != null && modelBasePath != void)
		    {
		    	appName=$(sys.application.name);
		    	forestSelected=$(displayOnly.forest);
		    }
            if(forestSelected!=void && forestSelected!=null && appName!=void && appName!=null)
            {
            	allowedVals = EntitlementMgtUtil.getDomainNamesFromForestName(context,appName,forestSelected);
            }
            else if(appName!=void && appName!=null)
            {
            		allowedVals = EntitlementMgtUtil.getDomainNames(context,appName);
               
            }
            if(allowedVals.size() == 1)
            {
				retVal = allowedVals.get(0);
			}
			return retVal;
			]]></Source></Script>
	    <AllowedValuesDefinition>
        <Script>
          <Source><![CDATA[
            import sailpoint.rapidapponboarding.rule.EntitlementMgtUtil;
            String appName=null;
            String forestSelected=null;
            if(modelBasePath != null && modelBasePath != void)
		    {
		    	appName=$(sys.application.name);
		    	forestSelected=$(displayOnly.forest);
		    } 
		    if(forestSelected!=void && forestSelected!=null && appName!=void && appName!=null)
            {
            	 return EntitlementMgtUtil.getDomainNamesFromForestName(context,appName,forestSelected);
            }
            else if(appName!=void && appName!=null)
            {
            	return EntitlementMgtUtil.getDomainNames(context,appName);
            }
			]]></Source>
        </Script>
      </AllowedValuesDefinition>
    </Field>
    <Field displayName="entmgmt_ad_ou" name="displayOnly.ouBasedn" dynamic="true" required="true">
    	<Attributes>
	      <Map>
	        <entry key="hidden">
	        <value>
	          <Script>
		        <Source><![CDATA[
	        		import sailpoint.rapidapponboarding.rule.EntitlementMgtUtil;
	    			boolean hide=true;
	    			List oUbaseDNs = new ArrayList();
	    			String appName=null;
		            String entType=null;
		            if(modelBasePath != null && modelBasePath != void)
				    {
				    	appName=$(sys.application.name);
				    	entType=$(sys.type);
				    }
	    			if(appName!=void && appName!=null && entType!=void && entType!=null)
	    			{
	    				oUbaseDNs=EntitlementMgtUtil.getSearchGroupsDNNames(context,appName,entType);
	    			}
	    			if(oUbaseDNs.size() == 1)
	    			{
						hide = true;
					}
					if(oUbaseDNs.size() >1)
					{
					 	hide = false;
					}
					return hide;
		    		]]></Source>
		      </Script>
	        </value>
	        </entry>
	      </Map>
	    </Attributes>
	    <Script>
	    <Source>
	    <![CDATA[
	    	import sailpoint.rapidapponboarding.rule.EntitlementMgtUtil;
			Object retVal = null;
            List allowedVals = new ArrayList();
            String appName=null;
            String entType=null;
            String domainSelected=null;
            if(value!=void && value!=null)
            {
            	return value;
            }
            if(modelBasePath != null && modelBasePath != void)
		    {
		    	appName=$(sys.application.name);
		    	entType=$(sys.type);
		    	domainSelected=$(displayOnly.domain);
		    }
		    if(domainSelected!=void && domainSelected!=null && appName!=void && appName!=null && entType!=void && entType!=null)
            {
          		allowedVals = EntitlementMgtUtil.getGroupSearchDnsFromDomainName(context,appName,domainSelected,entType);
            }
            else if(appName!=void && appName!=null && entType!=void && entType!=null)
            {
           	   	allowedVals = EntitlementMgtUtil.getSearchGroupsDNNames(context,appName,entType);
            }
            if(allowedVals.size() == 1)
            {
				retVal = allowedVals.get(0);
			}
			return retVal;
			]]>
		</Source>
		</Script>
	    <AllowedValuesDefinition>
        <Script>
          <Source><![CDATA[
            import sailpoint.rapidapponboarding.rule.EntitlementMgtUtil;
            String appName=null;
            String entType=null;
            String domainSelected=null;
            if(modelBasePath != null && modelBasePath != void)
		    {
		    	appName=$(sys.application.name);
		    	entType=$(sys.type);
		    	domainSelected=$(displayOnly.domain);
		    }
            if(domainSelected!=void && domainSelected!=null && appName!=void && appName!=null && entType!=void && entType!=null)
            {
            	return EntitlementMgtUtil.getGroupSearchDnsFromDomainName(context,appName,domainSelected,entType);
            }
            else
            {
           		String value = form.getField("displayOnly.domain").getValue();
           		if(value!=null)
           		{
           			if(appName!=void && appName!=null && entType!=void && entType!=null)
           			{
           				return EntitlementMgtUtil.getGroupSearchDnsFromDomainName(context,appName,value,entType);
           			}
           		}
           		if(appName!=void && appName!=null && entType!=void && entType!=null)
           		{
            		return EntitlementMgtUtil.getSearchGroupsDNNames(context,appName,entType);
            	}
            }
          	]]></Source>
        </Script>
      </AllowedValuesDefinition>
    </Field>
    <Field displayName="entmgmt_ad_grouptype" name="GroupType" required="true" type="string" displayType="radio">
      <Script>
          <Source><![CDATA[
            return "Security";
          	]]></Source>
        </Script>
      <AllowedValuesDefinition>
        <Value>
          <List>
            <String>Security</String>
            <String>Distribution</String>
          </List>
        </Value>
      </AllowedValuesDefinition>
    </Field>
    <Field displayName="entmgmt_ad_groupscope" name="GroupScope" required="true" type="string" displayType="radio">
    <Script>
          <Source><![CDATA[
            return "Global";
          	]]></Source>
        </Script>
      <AllowedValuesDefinition>
        <Value>
          <List>
            <String>Domain Local</String>
            <String>Global</String>
            <String>Universal</String>
          </List>
        </Value>
      </AllowedValuesDefinition>
    </Field>
    <Field dynamic="true" name="distinguishedName" required="true" displayName="entmgmt_ad_dn">
     <Attributes>
	      <Map>
	        <entry key="hidden" value="rule:Rule-Entitlement-Mgmt-Hide"/>
	      </Map>
	    </Attributes>
           <Script>
        <Source><![CDATA[
    			Object retVal = null;
   				if(modelBasePath != null && modelBasePath != void)
   				{
   					String nativeIdentity = $(sys.nativeIdentity);
   					if(nativeIdentity!=null)
	   				{
	   					retVal = nativeIdentity;
	   				}
	   			}
   				return retVal;
    		]]></Source>
      </Script>
    </Field>
    <Field columnSpan="1" displayName="sAMAccountName" dynamic="true" name="sAMAccountName" required="true" type="string"/>
    <Field dynamic="true" name="description" displayName="entmgmt_ad_description">
    	<Attributes>
	      <Map>
	        <entry key="hidden" value="rule:Rule-Entitlement-Mgmt-Hide"/>
	      </Map>
	    </Attributes>
      <Script>
        <Source><![CDATA[
    			Object retVal = null;
   				if(modelBasePath  != null && modelBasePath != void)
   				{
   					String description = $(sys.description);
   					if(description!=null)
	   				{
	   					retVal = description;
	   				}
	   			}
   				return retVal;
    		]]></Source>
      </Script>
    </Field>
    <Field dynamic="true" name="managedBy" displayName="entmgmt_ad_managedby" displayType="combobox">
    	<Attributes>
	      <Map>
	        <entry key="hidden">
	        <value>
	          <Script>
		        <Source><![CDATA[
		        	    import sailpoint.rapidapponboarding.rule.EntitlementMgtUtil;
		        	    boolean hide=true;
		    			String appName=null;
						Object owner=null;
						//Calculate Total Number of Links - if more than one show this field
				  		if(modelBasePath != null && modelBasePath != void)
		    			{
		    				appName=$(sys.application.name);
		    				owner=$(systemEntOwners);
			    			if(appName!=void && appName!=null && owner!=void && owner!=null)
			    			{
				    			List links=EntitlementMgtUtil.getOwnerApproverAppNameForSystemSync(context,appName,owner);
				    			if(links.size() == 1)
				    			{
									hide = true;
								}
								else if (links.size() >1)
								{
								 	hide = false;
								}
							}
						}
		    			return hide;
		    		]]></Source>
		      </Script>
	        </value>
	        </entry>
	      </Map>
	    </Attributes>
	    <Script>
          <Source><![CDATA[
            import sailpoint.rapidapponboarding.rule.EntitlementMgtUtil;
            Object retVal = null;
            List  allowedVals = new ArrayList();
            String appName=null;
			Object owner=null;
			if(value!=void && value!=null)
            {
            	return value;
            }
			//Return if there is only one
	  		if(modelBasePath != null && modelBasePath != void)
   			{
   				appName=$(sys.application.name);
   				owner=$(systemEntOwners);
	   			if(appName!=void && appName!=null && owner!=void && owner!=null)
			    {
				    allowedVals=EntitlementMgtUtil.getOwnerApproverAppNameForSystemSync(context,appName,owner);
		            if(allowedVals.size() == 1)
		            {
						retVal = allowedVals.get(0);
					}
				}
			}
			return retVal;
			]]></Source>
        </Script>
      <AllowedValuesDefinition>
        <Script>
          <Source><![CDATA[
            import sailpoint.rapidapponboarding.rule.EntitlementMgtUtil;
            String appName=null;
			Object owner=null;
            if(modelBasePath != null && modelBasePath != void)
		    {
		    	appName=$(sys.application.name);
   				owner=$(systemEntOwners);
			    if(appName!=void && appName!=null && owner!=void && owner!=null)
			    {
	           	 return EntitlementMgtUtil.getOwnerApproverAppNameForSystemSync(context,appName,owner);
	            }
             }
            ]]></Source>
        </Script>
      </AllowedValuesDefinition>
    </Field>
  </Section>
</Form>
