<?xml version="1.0" encoding="UTF-8"?>
<!DOCTYPE Form PUBLIC "sailpoint.dtd" "sailpoint.dtd">
<Form name="Form-Azure-Entitlement-Mgmt-Create-Group" type="Application">
	<Attributes>
		<Map>
			<entry key="pageTitle" value="Form-Azure-Entitlement-Mgmt-Create-Group" />
		</Map>
	</Attributes>
	<Section columns="2" label="entmgmt_entitlementcreate_ent_properties" name="azureSection">
		<Attributes>
			<Map>
				<entry key="subtitle" value="entmgmt_entitlementcreate_azure_subtitle" />
			</Map>
		</Attributes>
		<Field displayName="Group Name" name="displayName" type="string" required="true">
			<ValidationScript>
				<Source>
					<![CDATA[
					]]>
				</Source>
			</ValidationScript>
		</Field>
		<Field displayName="Mail Nickname" name="mailNickname" type="string" required="true" postBack="true">
			<ValidationScript>
				<Source>
					<![CDATA[
					]]>
				</Source>
			</ValidationScript>
		</Field>
		<Field displayName="con_prov_policy_azure_ad_groupType" helpKey="help_con_prov_policy_azure_ad_groupType" name="groupTypes" required="true" reviewRequired="true" section="" type="string">
			<AllowedValues>
				<String>Security</String>
				<String>Office365</String>
			</AllowedValues>
		</Field>
		<Field displayName="con_prov_policy_azure_group_description" helpKey="help_con_prov_policy_azure_groupDesc" name="description" type="string">
			<Attributes>
				<Map>
					<entry key="hidden" value="rule:Rule-Entitlement-Mgmt-Hide" />
				</Map>
			</Attributes>
			<Script>
				<Source>
					<![CDATA[
		    			Object retVal = null;
		   				if(modelBasePath  != null && modelBasePath != void)
		   				{
		   					String description = $(sys.description);
		   					if(description!=null)
			   				{
			   					retVal = description;
			   				}
			   			}
		   				return retVal;
					]]>
				</Source>
			</Script>
		</Field>
	</Section>
</Form>