<?xml version="1.0" encoding="UTF-8"?>
<!DOCTYPE Form PUBLIC "sailpoint.dtd" "sailpoint.dtd">
<Form name="Form-Entitlement-Mgmt-Manual" type="Workflow">
  <Section label="entmgmt_manual_label">
   <Field name="sys.displayName"  displayName="entitlementmanagement_manual_name" readOnly="true">
   </Field>
   <Field name="sys.application.name" displayName="entitlementmanagement_manual_application" readOnly="true">
   </Field>
   <Field name="sys.nativeIdentity" displayName="entitlementmanagement_manual_application_native" readOnly="true">
   </Field>
   <Field name="sys.type" displayName="entitlementmanagement_manual_application_objecttype" readOnly="true">
   </Field>
   <Field name="sys.description" displayName="entitlementmanagement_manual_description" readOnly="true">
   </Field>
   <Field name="displayOnly.comment" displayName="entitlementmanagement_manualcomment" readOnly="true">
    </Field>
   </Section>
  <Button action="next" label="entitlementmanagement_manual_button_submit"/>
  <Button action="cancel" label="entitlementmanagement_manual_button_cancel"/>
</Form>
