<?xml version='1.0' encoding='UTF-8'?>
<!DOCTYPE sailpoint PUBLIC "sailpoint.dtd" "sailpoint.dtd">
<sailpoint>
	<ImportAction name='merge'>
		<ObjectConfig name="Application">
			<!-- Group-Mgmt -->
			<ObjectAttribute defaultValue="" categoryName="Group Management"
							 displayName="entitlementmanagement_application_config_objecttypes" editMode="Permanent"
							 name="apEntMgmtObjectTypes" namedColumn="true">
				<Description></Description>
			</ObjectAttribute>
			<ObjectAttribute defaultValue="" categoryName="Group Management"
							 displayName="entitlementmanagement_application_config_adminapprover" editMode="Permanent"
							 name="apEntMgmtAdminApprover">
				<Description></Description>
			</ObjectAttribute>
			<ObjectAttribute defaultValue="" categoryName="Group Management"
							 displayName="entitlementmanagement_application_config_adminapprover_rule" editMode="Permanent"
							 name="apEntMgmtAdminApproverRule">
				<Description></Description>
			</ObjectAttribute>
			<ObjectAttribute defaultValue="" categoryName="Group Management"
							 displayName="entitlementmanagement_application_config_systemowner_leaver_sync" editMode="Permanent"
							 name="apEntMgmtOwnerLeaverSync" type="boolean">
				<Description></Description>
			</ObjectAttribute>
			<ObjectAttribute defaultValue="" categoryName="Group Management"
							 displayName="entitlementmanagement_application_config_delete_orphans" editMode="Permanent"
							 name="apEntMgmtDelOrphans" type="boolean">
				<Description></Description>
			</ObjectAttribute>
			<ObjectAttribute defaultValue="" categoryName="Group Management"
							 displayName="entitlementmanagement_application_config_systemowner_attr" editMode="Permanent"
							 name="apEntMgmtSystemOwnerAttrName">
				<Description></Description>
			</ObjectAttribute>
			<ObjectAttribute defaultValue="" categoryName="Group Management"
							 displayName="entitlementmanagement_application_config_systemapprover_attr" editMode="Permanent"
							 name="apEntMgmtSystemApproverAttrName">
				<Description></Description>
			</ObjectAttribute>
			<ObjectAttribute defaultValue="" categoryName="Group Management"
							 displayName="entitlementmanagement_application_config_no_ownership" editMode="Permanent"
							 name="apEntMgmtNoOwnership" type="boolean">
				<Description></Description>
			</ObjectAttribute>
			<ObjectAttribute defaultValue="" categoryName="Group Management"
							 displayName="entitlementmanagement_application_config_identity_membership" editMode="Permanent"
							 name="apEntMgmtIdentityMembership" type="boolean">
				<Description></Description>
			</ObjectAttribute>
			<ObjectAttribute defaultValue="" categoryName="Group Management"
							 displayName="entitlementmanagement_application_config_hierarchy_membership" editMode="Permanent"
							 name="apEntMgmtHierarchyMembership" type="boolean">
				<Description></Description>
			</ObjectAttribute>
			<ObjectAttribute defaultValue="" categoryName="Group Management"
							 displayName="entitlementmanagement_application_config_entitlement_expiration" editMode="Permanent"
							 name="apEntMgmtExpirationExtension" type="boolean">
				<Description></Description>
			</ObjectAttribute>
			<ObjectAttribute defaultValue="" categoryName="Group Management"
							 displayName="entitlementmanagement_application_config_entitlement_expiration_days_before" editMode="Permanent"
							 name="apEntMgmtDaysBeforeExpirationExtension">
				<Description></Description>
			</ObjectAttribute>
			<ObjectAttribute defaultValue="" categoryName="Group Management"
							 displayName="entitlementmanagement_global_create_pre_rule" editMode="Permanent"
							 name="apEntMgmtCreatePreProvisionRule">
				<Description></Description>
			</ObjectAttribute>
			<ObjectAttribute defaultValue="" categoryName="Group Management"
							 displayName="entitlementmanagement_global_create_post_rule" editMode="Permanent"
							 name="apEntMgmtCreatePostProvisionRule">
				<Description></Description>
			</ObjectAttribute>
			<ObjectAttribute defaultValue="" categoryName="Group Management"
							 displayName="entitlementmanagement_global_create_pre_form_rule" editMode="Permanent"
							 name="apEntMgmtCreatePreFormRule">
				<Description></Description>
			</ObjectAttribute>
			<ObjectAttribute defaultValue="" categoryName="Group Management"
							 displayName="entitlementmanagement_global_create_pre_confirmation_form_rule" editMode="Permanent"
							 name="apEntMgmtCreatePreConfirmationFormRule">
				<Description></Description>
			</ObjectAttribute>
			<ObjectAttribute defaultValue="" categoryName="Group Management"
							 displayName="entitlementmanagement_global_create_post_form_rule" editMode="Permanent"
							 name="apEntMgmtCreatePostFormRule">
				<Description></Description>
			</ObjectAttribute>
			<ObjectAttribute defaultValue="" categoryName="Group Management"
							 displayName="entitlementmanagement_global_edit_pre_rule" editMode="Permanent"
							 name="apEntMgmtEditPreProvisionRule">
				<Description></Description>
			</ObjectAttribute>
			<ObjectAttribute defaultValue="" categoryName="Group Management"
							 displayName="entitlementmanagement_global_edit_post_rule" editMode="Permanent"
							 name="apEntMgmtEditPostProvisionRule">
				<Description></Description>
			</ObjectAttribute>
			<ObjectAttribute defaultValue="" categoryName="Group Management"
							 displayName="entitlementmanagement_global_edit_pre_form_rule" editMode="Permanent"
							 name="apEntMgmtEditPreFormRule">
				<Description></Description>
			</ObjectAttribute>
			<ObjectAttribute defaultValue="" categoryName="Group Management"
							 displayName="entitlementmanagement_global_edit_pre_confirmation_form_rule" editMode="Permanent"
							 name="apEntMgmtEditPreConfirmationFormRule">
				<Description></Description>
			</ObjectAttribute>
			<ObjectAttribute defaultValue="" categoryName="Group Management"
							 displayName="entitlementmanagement_global_edit_post_form_rule" editMode="Permanent"
							 name="apEntMgmtEditPostFormRule">
				<Description></Description>
			</ObjectAttribute>
			<ObjectAttribute defaultValue="" categoryName="Group Management"
							 displayName="entitlementmanagement_global_expiring_pre_rule" editMode="Permanent"
							 name="apEntMgmtExpiringPreProvisionRule">
				<Description></Description>
			</ObjectAttribute>
			<ObjectAttribute defaultValue="" categoryName="Group Management"
							 displayName="entitlementmanagement_global_expiring_post_rule" editMode="Permanent"
							 name="apEntMgmtExpiringPostProvisionRule">
				<Description></Description>
			</ObjectAttribute>
			<ObjectAttribute defaultValue="" categoryName="Group Management"
							 displayName="entitlementmanagement_global_expiring_pre_form_rule" editMode="Permanent"
							 name="apEntMgmtExpiringPreFormRule">
				<Description></Description>
			</ObjectAttribute>
			<ObjectAttribute defaultValue="" categoryName="Group Management"
							 displayName="entitlementmanagement_global_expiring_post_form_rule" editMode="Permanent"
							 name="apEntMgmtExpiringPostFormRule">
				<Description></Description>
			</ObjectAttribute>
			<ObjectAttribute defaultValue="" categoryName="Group Management"
							 displayName="entitlementmanagement_global_orphan_pre_rule" editMode="Permanent"
							 name="apEntMgmtOrphanPreProvisionRule">
				<Description></Description>
			</ObjectAttribute>
			<ObjectAttribute defaultValue="" categoryName="Group Management"
							 displayName="entitlementmanagement_global_orphan_post_rule" editMode="Permanent"
							 name="apEntMgmtOrphanPostProvisionRule">
				<Description></Description>
			</ObjectAttribute>
			<ObjectAttribute defaultValue="" categoryName="Group Management"
							 displayName="entitlementmanagement_global_orphan_pre_form_rule" editMode="Permanent"
							 name="apEntMgmtOrphanPreFormRule">
				<Description></Description>
			</ObjectAttribute>
			<ObjectAttribute defaultValue="" categoryName="Group Management"
							 displayName="entitlementmanagement_global_orphan_post_form_rule" editMode="Permanent"
							 name="apEntMgmtOrphanPostFormRule">
				<Description></Description>
			</ObjectAttribute>
			<ObjectAttribute defaultValue="" categoryName="Group Management"
							 displayName="entitlementmanagement_global_apEntMgmtOwnerWorkgroupPrefix" editMode="Permanent"
							 name="apEntMgmtOwnerWorkgroupPrefix">
				<Description></Description>
			</ObjectAttribute>
		</ObjectConfig>
	</ImportAction>
</sailpoint>
