<?xml version='1.0' encoding='UTF-8'?>
<!DOCTYPE sailpoint PUBLIC "sailpoint.dtd" "sailpoint.dtd">
<sailpoint>
<ImportAction name='merge'>
<!-- USED BY Group MGT -->
<ObjectConfig name="ManagedAttribute">
	<!-- Common Accelerator Pack Attributes Start -->
  <ObjectAttribute categoryName="Approval" displayName="1st Level Business Approvers" editMode="Permanent" namedColumn="true" name="entBusApprovers">
   <Description>WorkGroups</Description>
  </ObjectAttribute>
  <ObjectAttribute categoryName="Approval" displayName="Omit or Override 1st Level Business Approvers" editMode="Permanent" name="entBusApprovalRule">
   <Description> This rule can be used to override 1st Level Business Approvers</Description>
  </ObjectAttribute>
  <ObjectAttribute categoryName="Approval" displayName="2nd Level Business Approvers" editMode="Permanent" namedColumn="true" name="additionalEntBusApprovers">
 	<Description>WorkGroups</Description>
  </ObjectAttribute>
  <ObjectAttribute categoryName="Approval" displayName="Omit or Override 2nd Level Business Approvers" editMode="Permanent" name="additionalEntBusApproversRule">
    <Description> This rule can be used to override 2nd Level Business Approvers</Description>
  </ObjectAttribute>
   <ObjectAttribute categoryName="Logical Applications" displayName="Logical Business Application Name" editMode="Permanent" namedColumn="true" name="entAppName">
  	<Description>Either Single or Comma separated Logical Business Aplications(Shared Databases, Shared Groups, etc)</Description>
  </ObjectAttribute>
  <ObjectAttribute categoryName="Privileged Entitlement" defaultValue="" displayName="Privileged Entitlement" editMode="Permanent" namedColumn="true" name="entPrivileged">
    <Description>Privileged Entitlement</Description>
  </ObjectAttribute>
  <ObjectAttribute categoryName="Privileged Entitlement" defaultValue="" displayName="Privileged Entitlement Account Types" editMode="Permanent" name="apaccountType">
    <Description>Comma Separated Privileged Entitlement Types</Description>
  </ObjectAttribute>
  <ObjectAttribute categoryName="Joiner" defaultValue="" displayName="Birthright Entitlement" editMode="Permanent" namedColumn="true" name="isBirthright">
      <Description>Exclude Birthright Entitlements</Description>
  </ObjectAttribute>
  <ObjectAttribute categoryName="Joiner" defaultValue="" displayName="Birthright Populations" editMode="Permanent" name="apbirthrightPopulations">
      <Description>Comma Separated Birthright Populations - Will be used for Birthright Role Automation</Description>
  </ObjectAttribute>
  <ObjectAttribute categoryName="Aggregation" defaultValue="" displayName="Manual Override" editMode="Permanent" namedColumn="true" name="manualOverride">
      <Description>Manual Override Entitlement Birthright, Privileged, and Logical Application Settings</Description>
  </ObjectAttribute>
  	<!--Common Accelerator Pack Attributes End -->
  <ObjectAttribute categoryName="Group Management" displayName="Group Expiration" editMode="Permanent" namedColumn="true" name="apentExp" type="date">
      <Description>Group Sunset</Description>
  </ObjectAttribute>
  <ObjectAttribute categoryName="Group Management" displayName="Group Last Action" editMode="Permanent" namedColumn="true" name="apentlastAction">
      <Description>Group Last Extension Action</Description>
  </ObjectAttribute>
  <ObjectAttribute categoryName="Group Management" displayName="Data Classification"  editMode="Permanent" namedColumn="true" name="apdataClassification">
      <Description>Group Classification</Description>
  </ObjectAttribute>
  <ObjectAttribute categoryName="Group Management" displayName="Certification Frequency"  editMode="Permanent" namedColumn="true" name="apentcertFreq">
      <Description>Group Certification Frequency</Description>
  </ObjectAttribute>
  <ObjectAttribute categoryName="Group Management" displayName="Approval Mode" editMode="Permanent" name="apEntAppMode">
      <Description>Group Approval Mode</Description>
  </ObjectAttribute>
   <ObjectAttribute categoryName="Group Management" displayName="entitlementmanagement_managed_attribute_sytem_ent_owners_rule" editMode="Permanent" name="apsystemEntMgtOwnersRule">
      <Description>Group Approval Owners Rule</Description>
  </ObjectAttribute>
    <ObjectAttribute categoryName="Group Management" displayName="entitlementmanagement_managed_attribute_ent_rule" editMode="Permanent" name="entBusEntMgtApproversRule">
      <Description>Group Approval 1st Level Business Approvers Group Business Approver Rule</Description>
  </ObjectAttribute>
 <ObjectAttribute categoryName="Group Management" displayName="entitlementmanagement_managed_attribute_ent_add_rule"  editMode="Permanent" name="additionalEntMgtBusApproversRule">
      <Description>Group Approval 2nd Level Business Approvers Group Business Approver Rule</Description>
  </ObjectAttribute>
</ObjectConfig>
</ImportAction>
</sailpoint>
