<?xml version='1.0' encoding='UTF-8'?>
<!DOCTYPE sailpoint PUBLIC "sailpoint.dtd" "sailpoint.dtd">
<sailpoint>
  <ImportAction name='merge'>
    <ObjectConfig name="CertificationItem">
      <!-- Group-Mgmt -->
      <ObjectAttribute categoryName="Privileged Entitlement" defaultValue="" displayName="Privileged Entitlement Account Types" editMode="Permanent" name="apaccountType">
        <Description>Comma Separated Privileged Entitlement Types</Description>
      </ObjectAttribute>
    </ObjectConfig>
  </ImportAction>
</sailpoint>