<?xml version='1.0' encoding='UTF-8'?>
<!DOCTYPE GroupDefinition PUBLIC "sailpoint.dtd" "sailpoint.dtd">
<!-- Copyright © 2018 SailPoint Technologies, Inc. All Rights Reserved.
All logos, text, content, and works of authorship, including but not limited to underlying code, programming or scripting language, designs, and/or graphics,
that are used and/or depicted herein are protected under United States and international copyright and trademark laws and treaties,
and may not be used or reproduced without the prior express written permission of SailPoint Technologies, Inc. -->
<GroupDefinition indexed="true" name="Pop-Entitlement-Mgmt-Owners" private="true">
  <Description>Population of all Identities which own a Entitlement either solely or as a member of a Workgroup</Description>
  <GroupFilter>
    <CompositeFilter operation="OR">
      <CompositeFilter operation="AND">
        <Filter joinProperty="ManagedAttribute.owner.name" operation="JOIN" property="workgroups.name"/>
      </CompositeFilter>
       <CompositeFilter operation="AND">
        <Filter joinProperty="ManagedAttribute.entBusApprovers" operation="JOIN"  property="workgroups.name"/>
      </CompositeFilter>
      <CompositeFilter operation="AND">
        <Filter joinProperty="ManagedAttribute.additionalEntBusApprovers" operation="JOIN" property="workgroups.name"/>
      </CompositeFilter>
    </CompositeFilter>
  </GroupFilter>
  <Owner>
    <Reference class="sailpoint.object.Identity"  name="spadmin"/>
  </Owner>
</GroupDefinition>
