<?xml version='1.0' encoding='UTF-8'?>
<!DOCTYPE GroupDefinition PUBLIC "sailpoint.dtd" "sailpoint.dtd">
<!-- Copyright © 2018 SailPoint Technologies, Inc. All Rights Reserved.
All logos, text, content, and works of authorship, including but not limited to underlying code, programming or scripting language, designs, and/or graphics,
that are used and/or depicted herein are protected under United States and international copyright and trademark laws and treaties,
and may not be used or reproduced without the prior express written permission of SailPoint Technologies, Inc. -->
<GroupDefinition indexed="true" name="Pop-Entitlement-Mgmt-Employees" private="true">
  <Description>Population of all Employee Identities or System Administrator Capability</Description>
  <GroupFilter>
    <CompositeFilter operation="OR">
      <CompositeFilter operation="AND">
     	 <Filter ignoreCase="true" operation="EQ" property="type" value="employee"/>
       </CompositeFilter>
      <CompositeFilter operation="AND">
        <Filter operation="EQ" property="capabilities.name" ignoreCase="true" value="SystemAdministrator"/>
      </CompositeFilter>
    </CompositeFilter>
  </GroupFilter>
  <Owner>
    <Reference class="sailpoint.object.Identity"  name="spadmin"/>
  </Owner>
</GroupDefinition>
