<?xml version='1.0' encoding='UTF-8'?>
<!DOCTYPE Rule PUBLIC "sailpoint.dtd" "sailpoint.dtd">
<Rule language="beanshell" name="Rule-Entitlement-Mgmt-Hierarchy">
  <Signature returnType="String">
    <Inputs>
      <Argument name="log">
        <Description>
          The log object associated with the SailPointContext.
        </Description>
      </Argument>
      <Argument name="context">
        <Description>
          A sailpoint.api.SailPointContext object that can be used to query the database if necessary.
        </Description>
      </Argument>
       <Argument name="ownerName">
        <Description>
         Leaver Owner Name.
        </Description>
      </Argument>
       <Argument name="reassignTo">
        <Description>
         New Owner Name, Default is Manager
        </Description>
      </Argument>
    </Inputs>
  </Signature>
  <Source>
    <![CDATA[
    		import sailpoint.rapidapponboarding.rule.EntitlementMgtUtil;
    		if(id!=null && id!=void && type!=void && type!=null)
    		{
    			EntitlementMgtUtil.updateEntitlementHierarchy(context,id,type,inheriting,childrens,inherited,parents);
    		}
		    return "Success";
    ]]>
  </Source>
</Rule>
