<?xml version='1.0' encoding='UTF-8'?>
<!DOCTYPE Rule PUBLIC "sailpoint.dtd" "sailpoint.dtd">
<Rule language="beanshell" name="Rule-Entitlement-Mgmt-FrameWork-GetApprovalTypes">
  <Signature>
    <Inputs>
      <Argument name="log">
        <Description>
          The log object associated with the SailPointContext.
        </Description>
      </Argument>
      <Argument name="context">
        <Description>
          A sailpoint.api.SailPointContext object that can be used to query the database if necessary.
        </Description>
      </Argument>
      <Argument name="workflow">
        <Description>
          Workflow object containing all attributes from the workflow.  To get attributes being set on identity, do workflow.get("fieldValues")
        </Description>
       </Argument>
      <Argument name="wfcontext">
        <Description>
         Workflow Context
        </Description>
       </Argument>
       <Argument name="entitlementModel">
        <Description>
         Entitlement Model Map
        </Description>
       </Argument>
    </Inputs>
    <Returns>
      <Argument name="approvalTypes">
        <Description>
          List of approval types.  
        </Description>
       </Argument>
    </Returns>
  </Signature>
  <!-- Used for Bean Shell Global This method reflection -->
   <ReferencedRules>
    <Reference class="sailpoint.object.Rule" name="Rule-Entitlement-Mgmt-ApprovalLibrary"/>
  </ReferencedRules>
  <Source>
  <![CDATA[
  import sailpoint.rapidapponboarding.rule.EntitlementMgtApprovalRuleLibrary;
  return EntitlementMgtApprovalRuleLibrary.getAllApprovals(context, workflow,this, wfcontext,entitlementModel);
  ]]>
</Source>
</Rule>
