<?xml version='1.0' encoding='UTF-8'?>
<!DOCTYPE Rule PUBLIC "sailpoint.dtd" "sailpoint.dtd">
<Rule language="beanshell" name="Rule-Entitlement-Mgmt-Expiring">
  <Signature returnType="String">
    <Inputs>
      <Argument name="log">
        <Description>
          The log object associated with the SailPointContext.
        </Description>
      </Argument>
      <Argument name="context">
        <Description>
          A sailpoint.api.SailPointContext object that can be used to query the database if necessary.
        </Description>
      </Argument>
     
    </Inputs>
  </Signature>
  <Source>
    <![CDATA[
    		import sailpoint.rapidapponboarding.rule.EntitlementMgtUtil;
    		EntitlementMgtUtil.processExpiringEntitlements(context, "Workflow-Entitlement-Mgmt-Expiring");
		    return "Success";
    ]]>
  </Source>
</Rule>
