<?xml version='1.0' encoding='UTF-8'?>
<!DOCTYPE Rule PUBLIC "sailpoint.dtd" "sailpoint.dtd">
<Rule language="beanshell" name="Rule-Entitlement-Mgmt-Azure-AfterProvisioningRule-CONETN-3016" type="AfterProvisioning">
  <Description>An IdentityIQ server-side rule that is executed after the connector's provisioning method is called. This gives the customer the ability to customize or react to anything in the ProvisioningPlan AFTER it has been sent out to the specific applications. 

This rule will be called for any application found in a plan that also has a configured 'afterProvisioningRule' configured.</Description>
  <Signature>
    <Inputs>
      <Argument name="log">
        <Description>
          The log object associated with the SailPointContext.
        </Description>
      </Argument>
      <Argument name="context">
        <Description>
          A sailpoint.api.SailPointContext object that can be used to query the database if necessary.
        </Description>
      </Argument>
      <Argument name="plan">
        <Description>
          The ProvisioningPlan object on its way to the Connector.
        </Description>
      </Argument>
      <Argument name="application">
        <Description>
          The application object that references this before/after script.
        </Description>
      </Argument>
      <Argument name="result">
        <Description>
          The ProvisioningResult object returned by the connectors provision method. This can be null and in many cases the connector will not return a result and instead will annotate the plan's ProvisioningResult either at the plan or account level.        
        </Description>
      </Argument>
    </Inputs>
  </Signature>
  <Source><![CDATA[
import org.apache.commons.logging.Log;
import org.apache.commons.logging.LogFactory;
import java.util.Locale;
import sailpoint.object.*;
import sailpoint.tools.Util;
import sailpoint.tools.MapUtil;
import sailpoint.rapidapponboarding.rule.EntitlementMgtUtil;
import sailpoint.rapidapponboarding.rule.EntitlementConstants;

static Log log = LogFactory.getLog("rapidapponboarding.rules.Rule-Entitlement-Mgmt-Azure-AfterProvisioningRule-CONETN-3016");

/*
 * Workaround for CONETN-3016 (This is part of AzureConnector starting from 8.1p1 and 8.0p3
 * Can be removed if deployment is updated to one of the mentioned versions)
 * If object type is group, setting the native Identity in the request,
 * caused standard properties like (Requestable,sysOwner etc) reset to default while
 * creating the group from Entitlement catalog. To handle this issue, we are setting
 * NativeIdentity (objectID) only in case if the object Type is account.
 */
if (plan == null) {
    log.error("ProvisioningPlan is empty");
    return;
}

List<ObjectRequest> objectRequests = plan.getObjectRequests();
for (ObjectRequest objectRequest : Util.safeIterable(objectRequests)) {
    if (objectRequest != null && Util.nullSafeEq(ObjectOperation.Create, objectRequest.getOp())) {
        objectRequest.setNativeIdentity(null);
    }
}
//Workaround for CONETN-3016 END

 ]]></Source>
</Rule>
