<?xml version='1.0' encoding='UTF-8'?>
<!DOCTYPE Workflow PUBLIC "sailpoint.dtd" "sailpoint.dtd">
<Workflow explicitTransitions="true" libraries="sailpoint.rapidonboarding.entitlementmanagement.workflow.ManagedAttribute" name="Workflow-Entitlement-Mgmt-Expiring">
<Description>Entitlement Management Expiring Workflow</Description>
<Variable initializer="false" name="transient">
</Variable>
<Variable name="requesterDisplayName">
    <Description>The Display Name of the requester which is the launcher in Workflow terms</Description>
  </Variable>
 <Variable name="entitlementDisplayName">
    <Description>Entitlement Display Name</Description>
  </Variable>
<Variable name="expiringWorkItemDescription"/>
<Variable initializer="EntitlementExpiring" name="flow"/>
<Variable initializer="GroupManagement" name="source"/>
<Variable initializer="Expiring" name="entitlementOperation"/>
<Variable initializer="EntitlementExpiring" name="requestType"/>
<Variable name="emailSubject"/>
<Variable initializer="false" name="trace">
</Variable>
<Variable name="rejected" initializer="boolean:false" />
<Variable name="autoReject" initializer="boolean:false" />
<Variable name="globalConfig"/>
   <Variable name="changes">
     <Description>
      A ChangeSummary object  
    </Description>
  </Variable>
<Variable name="sessionOwner">
   <Description>
     This is a system variable that we do not need to declare, but it's 
     good for documentation.  This will be set when the workflow is launched
     to the name of the Identity that is considered to be the owner
     of the interactive UI session.  This is passed to call:buildProvisioningForm
     so that we present forms to the active user first before suspending and
     opening work items for other users.
   </Description>
 </Variable>
<Variable initializer="APPROVE" name="itemDecision"/>
<Variable name="itemCompleter"/>
<Variable name="completer"/>
<Variable name="wiCompleter"/>
<Variable name="useAppForm" initializer="script: false"/>
<Variable name="entitlementAdminApprover"/>
<Variable name="project"/>
<Variable name="plan"/>
<Variable name="plans"/>
<Variable name="launcher" input="true" required="true"/>
<Variable name="systemEntOwners" input="true" required="true"/>
<Variable name="entitlementValue" input="true" required="true"/>
<Variable name="managedAttributeId" input="true" required="true"/>
<Variable name="entitlementAttributeType" input="true" required="true"/>
<Variable name="entitlementApplicationId" input="true" required="true"/>
<Variable name="sendRequestNotifications" initializer="script: false;">
	<Description>		
	In case Workflow was invoked by a User in IdentityIQ Send Submission and Confirmation Emails				
	</Description>		
</Variable>
<Variable initializer="Form-Entitlement-Mgmt-ExpiringEntitlement" name="formName">
  <Description>The name of the form used by this request process</Description>
</Variable>
<Variable name="confirmationFormName">
  <Description>The name of the confirmation form used by this request process</Description>
</Variable>
<Variable name="appId" type="string">
  <Description>The application id for the app we're managing entitlements on</Description>
</Variable>
<Variable name="entitlementModel">
  <Description>
		The variable which holds the form data and other hidden fields.
		It is passed to the Workflow step call methods for the heavy lifting on connector provisioning
	</Description>
</Variable>
<Variable editable="true" initializer="false" input="true" name="foregroundProvisioning">
  <Description>
    Normally provisioning is done in a step that uses the "background"
    option to force the workflow to be suspend and be resumed in a
    background task thread.  This prevents the browser session from
    hanging since provision can sometimes take a long time.  For demos
    and testing it can be better to do this in the foreground so that
    provisioning will have been performed when control is returned to the
    user.  This prevents having to run the Perform Maintenance task to 
    see the resutls of the request.
  </Description>
</Variable>
<Variable name="preFormProcessingRule"/>
<Variable name="postFormProcessingRule"/>
<Variable name="preProvisioningProcessingRule"/>
<Variable name="postProvisioningProcessingRule"/>
  <Step icon="Start" name="start">
   <Transition to="Initialize Variables"/>
  </Step>
  <Step name="Initialize Variables" action="call:initializeWorkflowVariables">
	<Description>
  		A sets up additional workflow variables
  		This also gets the full display name of the person initiating this entitlement request. 
  	</Description>
  <Arg name="launcher" value="ref:launcher"/>
  <Arg name="entitlementSelectForm" value="ref:entitlementSelectForm"/>
  <Arg name="noObjectTypeSelectFormName" value="ref:noObjectTypeSelectFormName"/>
  <Arg name="formName" value="ref:formName"/>
  <Arg name="confirmationFormName" value="ref:confirmationFormName"/>
  <Arg name="entitlementOperation" value="ref:entitlementOperation"/>
  <Arg name="skipConfirmationForm" value="ref:skipConfirmationForm"/>
  <Arg name="source" value="ref:source"/>
  <Arg name="requesterDisplayName" value="ref:requesterDisplayName"/>
  <Arg name="requestType" value="ref:requestType"/>
  <Arg name="flow" value="ref:flow"/>
  <Arg name="sendRequestNotifications" value="ref:sendRequestNotifications"/>
  <Transition to="Initialize Form Variables"/>
  </Step>
 <Step name="Initialize Form Variables" >
 <Script>
	      <Source><![CDATA[
	      	import sailpoint.rapidapponboarding.rule.EntitlementMgtApprovalRuleLibrary;
	      	import sailpoint.rapidapponboarding.rule.EntitlementMgtNotificationLibrary;
          	import sailpoint.rapidapponboarding.rule.EntitlementMgtUtil;
          	import sailpoint.rapidapponboarding.rule.EntitlementConstants;
          	import sailpoint.object.Attributes;
	      	Attributes globalConfig = (Attributes) EntitlementMgtApprovalRuleLibrary.getMappingObjectEntry(context, EntitlementConstants.DEFAULTWORKITEMCONFIG);
	      	workflow.put("globalConfig",globalConfig);
	      	String expiringDays=EntitlementMgtUtil.getManagedEntitlementDateInDays(context,managedAttributeId);
	      	String emailSub=EntitlementMgtNotificationLibrary.getEmailSubject(context,workflow,"ExpiringSubject","Entitlement is Expiring ");
	        if(expiringDays!=null)
	      	emailSub=emailSub+"In "+expiringDays+" Days";
	      	workflow.put("emailSubject",emailSub);
	      ]]></Source>
	</Script>
  <Transition to="Update Last Action"/>
  </Step>
   <Step name="Update Last Action">
    <Script>
      <Source><![CDATA[
      import sailpoint.rapidapponboarding.rule.EntitlementMgtUtil;
      EntitlementMgtUtil.updateLastActionState(context,managedAttributeId,entitlementOperation);
      ]]></Source>
    </Script>
    <Transition to="Build Entitlement Model"/>
  </Step>
  <Step action="call:getManagedAttributeModel" icon="Task" name="Build Entitlement Model" resultVariable="entitlementModel">
    <Arg name="appId" value="ref:entitlementApplicationId"/>
    <Arg name="type" value="ref:entitlementAttributeType"/>
    <Arg name="value" value="ref:entitlementValue"/>
    <Transition to="Set Application Specific Variables"/>
  </Step>
  <Step action="call:setApplicationSpecificVariables" name="Set Application Specific Variables">
  	<Arg name="appId" value="ref:entitlementApplicationId"/>
  	<Arg name="type" value="ref:entitlementAttributeType"/>
  	<Arg name="entitlementOperation" value="ref:entitlementOperation"/>
  	<Arg name="flow" value="ref:flow"/>
    <Transition to="Build Expiring Form"/>
  </Step>
  <Step action="call:buildForms" name="Build Expiring Form">
  	<Arg name="entitlementOperation" value="ref:entitlementOperation"/>
  	<Arg name="useAppForm" value="ref:useAppForm"/>
  	<Arg name="entitlementModel" value="ref:entitlementModel"/>
    <Transition to="Process Pre Form Exception"/>
  </Step>
  <Step action="call:runWorkflowRule" condition="script:preFormProcessingRule != null" name="Process Pre Form Exception">
  	<Arg name="ruleName" value="ref:preFormProcessingRule"/>
  	<Arg name="entitlementModel" value="ref:entitlementModel"/>
    <Transition to="Present Expiring Form"/>
  </Step>
  <Step icon="Approval" name="Present Expiring Form">
    <Approval mode="serial" owner="ref:systemEntOwners" return="entitlementModel" send="entitlementModel,entitlementApplicationId,entitlementAttributeType">
    <AfterScript>
	 <Source>
		<![CDATA[
		  ]]>
        </Source>
	  </AfterScript>
	<Arg name="emailSubject" value="ref:emailSubject"/>
	 <Arg name="entitlementDisplayName" value="ref:entitlementDisplayName"/>
    <Arg name="appId" value="ref:appId"/>
    <Arg name="workItemDescription" value="ref:expiringWorkItemDescription"/>
    <Arg name="modelBasePath" value="string:entitlementModel"/>
    <Arg name="workItemFormBasePath" value="string:entitlementModel"/>
    <Arg name="workItemForm" value="ref:formObj"/>
    <Arg name="entitlementModel" value="ref:entitlementModel"/>
    <Arg name="workItemType" value="Approval" />
    <Arg name="workItemElectronicSignature" value="$(globalConfig.electronicSignature)" />
	<Arg name="workItemNotificationTemplate" value="$(globalConfig.notifyEmailTemplate)" />
	<Arg name="workItemHoursBetweenReminders" value="$(globalConfig.hoursBetweenReminders)" />
	<Arg name="workItemReminderTemplate" value="$(globalConfig.reminderEmailTemplate)" />
	<Arg name="workItemMaxReminders" value="$(globalConfig.maxReminders)" />
	<Arg name="workItemEscalationRule" value="$(globalConfig.escalationRule)" />
	<Arg name="workItemEscalationTemplate" value="$(globalConfig.escalationEmailTemplate)" />
	<Arg name="workItemHoursTillEscalation" value="$(globalConfig.hoursTillEscalation)" />
	<Arg name="workItemEscalationStyle" value="$(globalConfig.escalationStyle)" />
	<Arg name="workItemDisableNotification" value="$(globalConfig.disableApprovalNotifications)" />
	<Arg name="escalationType" value="$(globalConfig.escalationType)" />
	<Arg name="escalationSameLevelRule" value="$(globalConfig.escalationSameLevelRule)" />
	<Arg name="dynamicAppContent">
	      	<Script>
				<Source>
				<![CDATA[
				    import sailpoint.rapidapponboarding.rule.EntitlementMgtNotificationLibrary;
					return EntitlementMgtNotificationLibrary.generateDynamicTextEmailTemplate(context,null,"Approval",requestType,globalConfig,entitlementModel);
					]]>
		  		</Source>
			</Script>
			</Arg>
  	<Arg name="dynamicAppContentReminder">
      	<Script>
			<Source>
			<![CDATA[
			    import sailpoint.rapidapponboarding.rule.EntitlementMgtNotificationLibrary;
				return EntitlementMgtNotificationLibrary.generateDynamicTextEmailTemplate(context,null,"Reminder",requestType,globalConfig,entitlementModel);
				]]>
	  		</Source>
		</Script>
		</Arg>
	   <Arg name="dynamicAppContentEscalation">
      	<Script>
			<Source>
			<![CDATA[
			   	import sailpoint.rapidapponboarding.rule.EntitlementMgtNotificationLibrary;
				return EntitlementMgtNotificationLibrary.generateDynamicTextEmailTemplate(context,null,"Escalation",requestType,globalConfig,entitlementModel);
				]]>
	  		</Source>
		</Script>
	</Arg>
	<Arg name="requestType" value="ref:requestType"/>
    <Arg name="entitlementOperation" value="ref:entitlementOperation"/>
   	<Arg name="flow" value="ref:flow"/>
   	<Arg name="source" value="ref:source"/>
   	<Arg name="requesterDisplayName" value="ref:requesterDisplayName"/>
	 <InterceptorScript>
		<Source>
         <![CDATA[
         import sailpoint.rapidapponboarding.rule.EntitlementMgtApprovalRuleLibrary;
         //Save Expiration date and Set Worflow Variable Auto Reject
         EntitlementMgtApprovalRuleLibrary.saveExpirationDate(item,context,workflow,method, "globalConfig", "hoursTillExpiration");
         EntitlementMgtApprovalRuleLibrary.prePostAssimilation(context,wfcontext,workflow,method,item,itemDecision);
      	]]>
		</Source>
	</InterceptorScript>
    </Approval>
    <Description>Present a form that allows editing the entitlement object</Description>
    <Transition to="Apply Computed Fields To Model" when="skipConfirmationForm"/>
    <Transition to="Present Confirmation Form" when="approved"/>
    <Transition to="Is Work Item Expired"/>
  </Step>
  <Step name="Is Work Item Expired" resultVariable="autoReject">
		<Script>
			<Source>
			import sailpoint.rapidapponboarding.rule.EntitlementMgtApprovalRuleLibrary;
			//Calculate Rejection
			boolean reject = false;
			reject = EntitlementMgtApprovalRuleLibrary.isWorkItemRejected(wfcontext,workflow);
			if(reject)
			{
				workflow.put("itemDecision","REJECT");
			}
			//Calculate Auto Rejection
			boolean autoRejected = false;
			autoRejected = EntitlementMgtApprovalRuleLibrary.isWorkItemExpired(wfcontext,workflow);
			if(autoRejected)
			{
				EntitlementMgtApprovalRuleLibrary.autoRejectApprovalSet(context,approvalSet, "spadmin", "Auto rejected by IdentityIQ due to lack of approval");
				workflow.put("itemDecision","AUTOREJECT");
			}
			</Source>
		</Script>
		<Transition to="Notify on Auto Rejection" when="script:isTrue(autoReject)" />
		<Transition to="end" />
	</Step>
	<Step name="Notify on Auto Rejection" action="call:sendEmail" icon="Email">
	  <Arg name="to">
			<Script>
				<Source>
				<![CDATA[
				import sailpoint.rapidapponboarding.rule.EntitlementMgtNotificationLibrary;
        	    EntitlementMgtNotificationLibrary.getEffectiveEmailsCsv(context, systemEntOwners);
					]]>
		  		</Source>
			 </Script>
		</Arg>
		<Arg name="template" >
	      <Script>
	        <Source>
	            import sailpoint.rapidapponboarding.rule.EntitlementMgtNotificationLibrary;
	        	EntitlementMgtNotificationLibrary.getGlobalDefinitionEmailTemplate(context, project, "AutoRejection", entitlementModel);
	        </Source>
	      </Script>
	    </Arg>
	    <Arg name="dynamicAppContent">
	      	<Script>
				<Source>
				   import sailpoint.rapidapponboarding.rule.EntitlementMgtNotificationLibrary;
					return EntitlementMgtNotificationLibrary.generateDynamicTextEmailTemplate(context,project,"AutoRejection",requestType,entitlementModel);
		  		</Source>
			</Script>
    	</Arg>
    	<Arg name="entitlementModel" value="ref:entitlementModel"/>
   		<Arg name="changes" value="ref:changes"/>
	    <Arg name="requestType" value="ref:requestType"/>
	    <Arg name="entitlementOperation" value="ref:entitlementOperation"/>
	   	<Arg name="flow" value="ref:flow"/>
	   	<Arg name="source" value="ref:source"/>
	   	<Arg name="requesterDisplayName" value="ref:requesterDisplayName"/>
	   	<Arg name="emailSubject" value="ref:emailSubject"/>
	   	 <Arg name="entitlementDisplayName" value="ref:entitlementDisplayName"/>
		<Transition to="end" />
	</Step>
  <Step icon="Approval" name="Present Confirmation Form" posX="359" posY="184">
    <Approval owner="script:context.getUserName();"  return="entitlementModel" send="entitlementModel,entitlementApplicationId,entitlementAttributeType">
    <Arg name="appId" value="ref:appId"/>
	<Arg name="workItemDescription" value="ref:expiringWorkItemDescription"/>
	<Arg name="modelBasePath" value="string:entitlementModel"/>
	<Arg name="workItemFormBasePath" value="string:entitlementModel"/>
	<Arg name="workItemForm" value="ref:confirmationFormObj"/>
	</Approval>
     <Description>
       Present a confirmation form that is readonly and displays the values from the  
       model as it was persisted in the previous step.
      </Description>
    <Transition to="Present Expiring Form" when="!approved"/>
    <Transition to="Apply Computed Fields To Model"/>
  </Step>
   <Step action="call:updateEntitlementModeler" name="Apply Computed Fields To Model" posX="1524" posY="126">
    <Arg name="entitlementModel" value="ref:entitlementModel"/>
     <Arg name="entitlementOperation" value="ref:entitlementOperation"/>
    <Transition to="Process Post Form Exception"/>
  </Step>
   <Step action="call:runWorkflowRule" condition="script:postFormProcessingRule != null" name="Process Post Form Exception">
    <Arg name="ruleName" value="ref:postFormProcessingRule"/>
    <Arg name="entitlementModel" value="ref:entitlementModel"/>
    <Transition to="Is Completer In WorkGroup"/>
  </Step>
  <Step name="Is Completer In WorkGroup" resultVariable="completer">
    <Script>
      <Source>
      	<![CDATA[
		// FRB Edit
		// Auto approve of expiring use case
		import sailpoint.rapidapponboarding.rule.EntitlementMgtUtil;
		import sailpoint.object.Identity;
		import sailpoint.object.Filter;
		import sailpoint.object.QueryOptions;
		import sailpoint.tools.Util;
		String completer = null;
		List wgDisplayNames = EntitlementMgtUtil.getWorkGroupMemberDisplayNames(context, systemEntOwners);
		List wgNames = EntitlementMgtUtil.getWorkGroupMemberNames(context, systemEntOwners);
		if(wgDisplayNames.contains(itemCompleter)) {
			for (String identName : wgNames) {
				QueryOptions qo = new QueryOptions();
				qo.addFilter(Filter.ignoreCase(Filter.eq("name",identName)));
				Iterator idents = context.search(Identity.class, qo, "displayName");
				while (idents.hasNext()) {
					Object[] ident = idents.next();
					String displayName = (String) ident[0];
					if (itemCompleter.equals(displayName)) {
						completer = identName;
					}
				}
				Util.flushIterator(idents);
			}
		}
		return completer;
		]]>
      </Source>
    </Script>
    <Transition to="Approve and Provision"/>
  </Step>
   <Step name="Approve and Provision">
    <Arg name="source" value="ref:source"/>
    <Arg name="requesterDisplayName" value="ref:requesterDisplayName"/>
    <Arg name="foregroundProvisioning" value="ref:foregroundProvisioning"/>
    <Arg name="entitlementModel" value="ref:entitlementModel"/>
    <Arg name="flow" value="ref:flow"/>
    <Arg name="transient" value="ref:transient"/>
    <Arg name="trace" value="ref:trace"/>
    <Arg name="entitlementValue" value="ref:entitlementValue"/>
    <Arg name="entitlementAttributeType" value="ref:entitlementAttributeType"/>
    <Arg name="entitlementOperation" value="ref:entitlementOperation"/>
    <Arg name="entitlementApplicationId" value="ref:entitlementApplicationId"/>
    <Arg name="completer" value="ref:completer"/>
    <Arg name="itemCompleter" value="ref:itemCompleter"/>
    <Arg name="preProvisioningProcessingRule" value="ref:preProvisioningProcessingRule"/>
    <Arg name="requestType" value="ref:requestType"/>
    <Arg name="sendRequestNotifications" value="ref:sendRequestNotifications"/>
    <Arg name="emailSubject" value="ref:emailSubject"/>
    <Arg name="entitlementDisplayName" value="ref:entitlementDisplayName"/>
    <Return name="plan" to="plan"/>
    <Return name="project" to="project"/>
    <Return name="plans" to="plans"/>
    <Return name="approvalSet" to="approvalSet"/>
    <Return name="changes" to="changes"/>
    <Return name="itemDecision" to="itemDecision"/>
    <Return name="entitlementProvStatus" to="entitlementProvStatus"/>
    <Return name="entitlementProvErros" to="entitlementProvErros"/>
    <WorkflowRef>
      <Reference class="sailpoint.object.Workflow" name="Workflow-Entitlement-Mgmt-Approve-Provision"/>
    </WorkflowRef>
    <Transition to="Update Last Action Processed" when="script:&quot;APPROVE&quot;.equals(itemDecision);"/>
    <Transition to="Post Provision Exception"/>
  </Step>
  <Step name="Update Last Action Processed">
    <Script>
      <Source><![CDATA[
      import sailpoint.rapidapponboarding.rule.EntitlementMgtUtil;
      EntitlementMgtUtil.updateLastActionState(context,managedAttributeId,entitlementOperation+" Processed");
      ]]></Source>
    </Script>
    <Transition to="Post Provision Exception"/>
  </Step>
  <Step action="call:runWorkflowRule" condition="script:postProvisioningProcessingRule != null" name="Post Provision Exception">
    <Arg name="ruleName" value="ref:postProvisioningProcessingRule"/>
    <Arg name="entitlementModel" value="ref:entitlementModel"/>
    <Transition to="Notify on Expiring Completion"/>
  </Step>
  <Step name="Notify on Expiring Completion" action="call:sendEmail" icon="Email" >
   <Arg name="to">
		<Script>
			<Source>
			<![CDATA[
			import sailpoint.rapidapponboarding.rule.EntitlementMgtNotificationLibrary;
        	EntitlementMgtNotificationLibrary.getEffectiveEmailsCsv(context, systemEntOwners);
				]]>
	  		</Source>
		 </Script>
	</Arg>
	<Arg name="template" >
      <Script>
        <Source>
            import sailpoint.rapidapponboarding.rule.EntitlementMgtNotificationLibrary;
        	EntitlementMgtNotificationLibrary.getGlobalDefinitionEmailTemplate(context, project, "Expiring", entitlementModel);
        </Source>
      </Script>
    </Arg>
     <Arg name="dynamicAppContent">
      	<Script>
			<Source>
			   import sailpoint.rapidapponboarding.rule.EntitlementMgtNotificationLibrary;
			   return EntitlementMgtNotificationLibrary.generateDynamicTextEmailTemplate(context,project,"Expiring",requestType,entitlementModel);
	  		</Source>
		</Script>
   	</Arg>
   	<Arg name="emailSubject" value="ref:emailSubject"/>
   	<Arg name="entitlementModel" value="ref:entitlementModel"/>
   	<Arg name="changes" value="ref:changes"/>
    <Arg name="requestType" value="ref:requestType"/>
    <Arg name="entitlementOperation" value="ref:entitlementOperation"/>
   	<Arg name="flow" value="ref:flow"/>
   	<Arg name="source" value="ref:source"/>
   	<Arg name="requesterDisplayName" value="ref:requesterDisplayName"/>
   	 <Arg name="entitlementDisplayName" value="ref:entitlementDisplayName"/>
   	<Transition to="end"/>
  </Step>
  <Step catches="complete" icon="Catches" name="Finally">
    <Script>
      <Source><![CDATA[
      ]]></Source>
    </Script>
    <Transition to="end"/>
  </Step>
  <Step icon="Stop" name="end"/>
</Workflow>