<?xml version="1.0" encoding="UTF-8"?>
<!DOCTYPE Workflow PUBLIC "sailpoint.dtd" "sailpoint.dtd">
<Workflow name="Workflow-Subprocess-Entitlement-Mgmt-Approvals" type="Subprocess">
   <Description>Entitlement Management Workflow</Description>
    <Variable name="sessionOwner">
    <Description>
      This is a system variable that we do not need to declare, but it's 
      good for documentation.  This will be set when the workflow is launched
      to the name of the Identity that is considered to be the owner
      of the interactive UI session.  This is passed to call:buildProvisioningForm
      so that we present forms to the active user first before suspending and
      opening work items for other users.
    </Description>
  </Variable>
  <Variable name="emailSubject" input="true"/>
  <Variable name="identityRequest" input="true"/>
  <Variable name="identityRequestId" input="true"/>
  <Variable name="requesterDisplayName" input="true">
    <Description>Requester Display Name</Description>
  </Variable>
   <Variable name="approvalStartDate" input="true"/>
   <Variable name="workItemId"/>
   <Variable name="summaryName" input="true" required="true">
    <Description>
      Single string representation of ManagedAttribute identity.
      This must be at least a combination of the application name
      and the managed attribute value (entitlement name).
    </Description>
  </Variable>
  <Variable name="approvalSet" input="true" required="true" output="true">
	    <Description>
	      Provisioning project containing assigned roles and side effects,
	      compiled from the input plan.
	    </Description>
	</Variable>
	 <Variable name="itemDecision" input="true" output="true">
	    <Description>
	      Approver Decision
	    </Description>
	</Variable>
	<Variable name="itemComments"/>
	<Variable input="true" name="itemCompleter"/>
	<Variable input="true" name="completer"/>
	<Variable name="entitlementDisplayName" input="true">
	    <Description>
	    Entitlement Display Name
	    </Description>
	</Variable>
	<Variable name="project" input="true">
	    <Description>
	      Provisioning project containing assigned roles and side effects,
	      compiled from the input plan.
	    </Description>
	</Variable>
  <Variable input="true" name="plan">
    <Description>
      Master provisioning plan containing the changes to process.
    </Description>
  </Variable>
   <Variable input="true" name="entitlementModel" required="true">
    <Description>
     Entitlement Model
    </Description>
  </Variable>
   <Variable input="true" name="requestType" required="true"/>
   <Variable input="true" name="launcher" required="true">
    <Description>
     launcher
    </Description>
  </Variable>
   <Variable name="changes" input="true" required="true">
    <Description>
      A ChangeSummary object containing a JSF friendly summary of the
      changes being made.  
    </Description>
  </Variable>
  <Variable input="true" name="trace">
		<Description>
			Used for debugging this subprocess and when set to true trace
			statements will be sent to stdout.
		</Description>
	</Variable>
   <Variable name="entitlementOperation" input="true" required="true"/>
   <Variable name="source" input="true" required="true"/>
   <Variable name="flow" input="true" required="true"/>
  <Variable input="true" name="workItemComments">
  </Variable>
  <Variable initializer="parallel"  name="approvalMode">
  </Variable>
   <Variable name="rejected" initializer="boolean:false" />
   <Variable name="autoReject" initializer="boolean:false" />
	<Variable name="approvalTypes" input="true"/>
	<Variable name="currentApprovalType" />
	<Variable name="hasItems" />
	<Variable name="currentIndex" />
	<Variable name="approvalTypeObj" />
	<Variable name="workItemConfig" />
	<RuleLibraries>		
		<Reference class="sailpoint.object.Rule" name="Rule-Entitlement-Mgmt-ApprovalLibrary" />		
	</RuleLibraries>
	<Step icon="Start" name="Start">
		<Transition to="Get Approval Types"/>
	</Step>
 	<Step name="Get Approval Types" condition="script:approvalTypes == null" resultVariable="approvalTypes">
		<Script>
			<Source><![CDATA[
			import sailpoint.rapidapponboarding.rule.EntitlementMgtApprovalRuleLibrary;
  			return EntitlementMgtApprovalRuleLibrary.getPossibleApprovalTypes(context, workflow, wfcontext,entitlementModel);
  		]]></Source>
		</Script>
		<Transition to="Get Next Approval Type" when="script:approvalTypes != null &amp;&amp; approvalTypes.size() &gt; 0" />
		<Transition to="Cleanup" />
	</Step>
	<Step name="Get Next Approval Type" resultVariable="currentApprovalType">
		<Script>
			<Source>
			<![CDATA[
			import sailpoint.rapidapponboarding.rule.EntitlementMgtApprovalRuleLibrary;
  			return EntitlementMgtApprovalRuleLibrary.acceleratorPackGetNextApprovalType(context,workflow, approvalTypes,this);
  			]]>
  			</Source>
		</Script>
		<Transition to="Approval" when="script:currentApprovalType != null" />
		<Transition to="Cleanup" />
	</Step>
	<Step icon="Approval" name="Approval">
		<Approval mode="script:acceleratorPackGetApprovalMode(context, workflow, currentApprovalType)" renderer="entitlement.xhtml" 
		send="currentApprovalType,summaryName,changes,approvalSet,entitlementDisplayName" return="approvalSet">
			<AfterScript>
				<Source>
				<![CDATA[
				import sailpoint.workflow.IdentityRequestLibrary;
				IdentityRequestLibrary.assimilateWorkItemApprovalSetToIdentityRequest(wfcontext, approvalSet);
			]]>
        	</Source>
			</AfterScript>
			<Arg name="workItemIdentityRequestId" value="ref:identityRequestId"/> 
			<Arg name="identityRequestId" value="ref:identityRequestId"/> 
			<Arg name="approvalSet" value="ref:approvalSet" />
			<Arg name="emailSubject" value="ref:emailSubject"/>
			<Arg name="workItemDescription" value="$(workItemConfig.workItemDescription) " />
	     	<Arg name="workItemRequester" value="script:(requestor != null) ? requestor : launcher" />
			<Arg name="workItemType" value="Approval" />
			<Arg name="workItemElectronicSignature" value="$(workItemConfig.electronicSignature)" />
			<Arg name="workItemNotificationTemplate" value="$(workItemConfig.notifyEmailTemplate)" />
			<Arg name="workItemHoursBetweenReminders" value="$(workItemConfig.hoursBetweenReminders)" />
			<Arg name="workItemReminderTemplate" value="$(workItemConfig.reminderEmailTemplate)" />
			<Arg name="workItemMaxReminders" value="$(workItemConfig.maxReminders)" />
			<Arg name="workItemEscalationRule" value="$(workItemConfig.escalationRule)" />
			<Arg name="workItemEscalationTemplate" value="$(workItemConfig.escalationEmailTemplate)" />
			<Arg name="workItemHoursTillEscalation" value="$(workItemConfig.hoursTillEscalation)" />
			<Arg name="workItemEscalationStyle" value="$(workItemConfig.escalationStyle)" />
			<Arg name="workItemDisableNotification" value="$(workItemConfig.disableApprovalNotifications)" />
			<Arg name="escalationType" value="$(workItemConfig.escalationType)" />
			<Arg name="escalationSameLevelRule" value="$(workItemConfig.escalationSameLevelRule)" />
			<Arg name="dynamicAppContent">
	      	<Script>
				<Source>
				<![CDATA[
				    import sailpoint.rapidapponboarding.rule.EntitlementMgtNotificationLibrary;
					return EntitlementMgtNotificationLibrary.generateDynamicTextEmailTemplate(context,project,"Approval",requestType,workItemConfig,entitlementModel);
					]]>
		  		</Source>
			</Script>
			</Arg>
			<Arg name="dynamicAppContentReminder">
	      	<Script>
				<Source>
				<![CDATA[
				    import sailpoint.rapidapponboarding.rule.EntitlementMgtNotificationLibrary;
					return EntitlementMgtNotificationLibrary.generateDynamicTextEmailTemplate(context,project,"Reminder",requestType,workItemConfig,entitlementModel);
					]]>
		  		</Source>
			</Script>
			</Arg>
		   <Arg name="dynamicAppContentEscalation">
	      	<Script>
				<Source>
				<![CDATA[
				   	import sailpoint.rapidapponboarding.rule.EntitlementMgtNotificationLibrary;
					return EntitlementMgtNotificationLibrary.generateDynamicTextEmailTemplate(context,project,"Escalation",requestType,workItemConfig,entitlementModel);
					]]>
		  		</Source>
			</Script>
			</Arg>
		  <Arg name="entitlementModel" value="ref:entitlementModel"/>
		  <Arg name="changes" value="ref:changes"/>
   	 	  <Arg name="requestType" value="ref:requestType"/>
   	 	  <Arg name="entitlementOperation" value="ref:entitlementOperation"/>
   	 	  <Arg name="entitlementDisplayName" value="ref:entitlementDisplayName"/>
   	      <Arg name="flow" value="ref:flow"/>
   	      <Arg name="requesterDisplayName" value="ref:requesterDisplayName"/>
   	      <Arg name="source" value="ref:source"/>
			<InterceptorScript>
				<Source>
           		<![CDATA[
           		 import sailpoint.rapidapponboarding.rule.EntitlementMgtApprovalRuleLibrary;
		         EntitlementMgtApprovalRuleLibrary.saveExpirationDate(item,context,workflow,method, "workItemConfig", "hoursTillExpiration");
		         EntitlementMgtApprovalRuleLibrary.interceptorUpdateIdentityRequestWorkItem(context,wfcontext,workflow,method,item,identityRequest,approval,
		         itemDecision);
		      	]]>
				</Source>
			</InterceptorScript>
			<OwnerScript>
				<Source>
				<![CDATA[
				import sailpoint.rapidapponboarding.rule.EntitlementMgtApprovalRuleLibrary;
				import sailpoint.workflow.IdentityRequestLibrary;
				Object owner = EntitlementMgtApprovalRuleLibrary.getWorkItemOwners(context, workflow, wfcontext,currentApprovalType,this,entitlementModel);
				// Auto approve of expiring use case
				if (completer != null) {
					owner = null;
				}
				if (owner == null) {
	  				//Auto Approve
	  				EntitlementMgtApprovalRuleLibrary.autoApproveApprovalSet(context,approvalSet,"spadmin","Auto approve item not requiring approval for level "+currentApprovalType,currentApprovalType);
	  				IdentityRequestLibrary.assimilateWorkItemApprovalSetToIdentityRequest(wfcontext, approvalSet);
	  			}
				return owner;
      			]]>
      			</Source>
			</OwnerScript>
			</Approval>
		<Transition to="Post Approval Calculations" />
	</Step>
	<Step name="Post Approval Calculations">
		<Script>
			<Source>
			import sailpoint.rapidapponboarding.rule.EntitlementMgtApprovalRuleLibrary;
			import sailpoint.workflow.IdentityRequestLibrary;
			//Calculate Rejection
			boolean reject = false;
			reject = EntitlementMgtApprovalRuleLibrary.isWorkItemRejected(wfcontext,workflow);
			if(reject)
			{
				workflow.put("itemDecision","REJECT");
			}
			//Calculate Auto Rejection
			boolean autoRejected = false;
			autoRejected = EntitlementMgtApprovalRuleLibrary.isWorkItemExpired(wfcontext,workflow);
			if(autoRejected)
			{
				EntitlementMgtApprovalRuleLibrary.autoRejectApprovalSet(context,approvalSet, "spadmin", "Auto rejected by IdentityIQ due to lack of approval");
				workflow.put("itemDecision","AUTOREJECT");
				IdentityRequestLibrary.assimilateWorkItemApprovalSetToIdentityRequest(wfcontext, approvalSet);
			}
			//Save Approval summaries on Identity Request
			EntitlementMgtApprovalRuleLibrary.saveApprovalSummariesOnIdentityRequest(context, wfcontext,identityRequest,workflow,currentApprovalType);
			</Source>
		</Script>
		<Transition to="Notify on Auto Rejection" when="script:isTrue(autoReject)" />
		<Transition to="Notify on Rejection" when="script:isTrue(rejected)" />
		<Transition to="Get Next Approval Type" when="script:approvalTypes != null" />
		<Transition to="Cleanup" />
	</Step>
	<Step name="Notify on Auto Rejection" action="call:sendEmail" icon="Email">
	  <Arg name="to">
			<Script>
				<Source>
				<![CDATA[
					return launcher;
					]]>
		  		</Source>
			 </Script>
		</Arg>
		<Arg name="template" >
	      <Script>
	        <Source>
	            import sailpoint.rapidapponboarding.rule.EntitlementMgtNotificationLibrary;
	        	EntitlementMgtNotificationLibrary.getGlobalDefinitionEmailTemplate(context, project, "AutoRejection", entitlementModel);
	        </Source>
	      </Script>
	    </Arg>
		 <Arg name="dynamicAppContent">
	      	<Script>
				<Source>
				   import sailpoint.rapidapponboarding.rule.EntitlementMgtNotificationLibrary;
					return EntitlementMgtNotificationLibrary.generateDynamicTextEmailTemplate(context,project,"AutoRejection",requestType,entitlementModel);
		  		</Source>
			</Script>
    	</Arg>
    	<Arg name="entitlementModel" value="ref:entitlementModel"/>
    	<Arg name="entitlementDisplayName" value="ref:entitlementDisplayName"/>
    	<Arg name="changes" value="ref:changes"/>
        <Arg name="requestType" value="ref:requestType"/>
        <Arg name="entitlementOperation" value="ref:entitlementOperation"/>
    	<Arg name="flow" value="ref:flow"/>
    	<Arg name="source" value="ref:source"/>
    	<Arg name="requesterDisplayName" value="ref:requesterDisplayName"/>
    	<Arg name="identityRequestId" value="ref:identityRequestId"/> 
		<Transition to="Cleanup" />
	</Step>
	<Step name="Notify on Rejection"  action="call:sendEmail" icon="Email">
	  <Arg name="to">
			<Script>
				<Source>
				<![CDATA[
					return launcher;
					]]>
		  		</Source>
			 </Script>
		</Arg>
		<Arg name="template" >
	      <Script>
	        <Source>
	            import sailpoint.rapidapponboarding.rule.EntitlementMgtNotificationLibrary;
	        	EntitlementMgtNotificationLibrary.getGlobalDefinitionEmailTemplate(context, project, "Rejection", entitlementModel);
	        </Source>
	      </Script>
	    </Arg>
	     <Arg name="dynamicAppContent">
	      	<Script>
				<Source>
				    import sailpoint.rapidapponboarding.rule.EntitlementMgtNotificationLibrary;
					return EntitlementMgtNotificationLibrary.generateDynamicTextEmailTemplate(context,project,"Rejection",requestType,entitlementModel);
		  		</Source>
			</Script>
    	</Arg>
    	<Arg name="entitlementModel" value="ref:entitlementModel"/>
        <Arg name="changes" value="ref:changes"/>
        <Arg name="requestType" value="ref:requestType"/>
        <Arg name="entitlementOperation" value="ref:entitlementOperation"/>
    	<Arg name="flow" value="ref:flow"/>
    	<Arg name="source" value="ref:source"/>
    	<Arg name="requesterDisplayName" value="ref:requesterDisplayName"/>
    	<Arg name="identityRequestId" value="ref:identityRequestId"/> 
    	 <Arg name="entitlementDisplayName" value="ref:entitlementDisplayName"/>
	   <Transition to="Cleanup" />
	</Step>
	<Step name="Cleanup">
		<Script>
			<Source>
			<![CDATA[
  			workflow.put("approvalTypes", null);
    		workflow.put("approvalTypeObj", null);
  			workflow.put("workItemConfig", null);
  			]]>
  			</Source>
		</Script>
		<Transition to="end" />
	</Step>
	<Step icon="Stop" name="end" />
</Workflow>
