<?xml version='1.0' encoding='UTF-8'?>
<!DOCTYPE Workflow PUBLIC "sailpoint.dtd" "sailpoint.dtd">
<Workflow explicitTransitions="true" libraries="sailpoint.rapidonboarding.entitlementmanagement.workflow.ManagedAttribute" name="Workflow-Entitlement-Mgmt-Edit">
<Description>Entitlement Management Workflow</Description>
  <Variable initializer="true" name="transient">
    <Description>
        Set to false to cause workflow-related objects, such as approval
        work items, to be saved in the database even if they are only
        viewed by the person registering.
      </Description>
  </Variable>
   <Variable name="entitlementDisplayName">
    <Description>Entitlement Display Name</Description>
  </Variable>
  <Variable name="emailSubject"/>
  <Variable name="requesterName"/>
  <Variable name="entitlementAdminApprover"/>
  <Variable name="itemDecision"/>
  <Variable name="useAppForm" initializer="script: true;"/>
  <Variable initializer="EntitlementEdit" name="flow"/>
  <Variable initializer="GroupManagement" name="source"/>
  <Variable initializer="Edit" name="entitlementOperation"/>
  <Variable initializer="EntitlementEdit" name="requestType"/>
  <Variable initializer="false" name="trace">
    <Description>enable this to see stuff spit out to stdout</Description>
  </Variable>
  <Variable name="requesterDisplayName">
    <Description>The Display Name of the requester which is the launcher in Workflow terms</Description>
  </Variable>
  <Variable initializer="script: false;" name="skipConfirmationForm"/>
  <Variable initializer="script: true;" name="applicationConfigured"/>
  <Variable initializer="false" name="isEntitlementAdministrator"/>
  <Variable name="entitlementValue"/>
  <Variable name="entitlementAttributeType"/>
  <Variable name="entitlementApplicationId">
    <Description>The application id for the app we're creating entitlements on</Description>
  </Variable>
  <Variable input="true" name="sendRequestNotifications" initializer="script: false;">
	<Description>		
	In case Workflow was invoked by a User in IdentityIQ Send Submission and Confirmation Emails				
	</Description>		
  </Variable>
  <Variable initializer="Form-Entitlement-Mgmt-NoObjectTypeSelect" name="noObjectTypeSelectFormName">
    <Description>The name of the form used by this request process when object type is not configured on the application</Description>
  </Variable>
  <Variable initializer="Form-Entitlement-Mgmt-No-Provisioning-Form" name="noObjectTypeProvisioningFormName">
    <Description>Default Form Reference</Description>
  </Variable>
  <Variable initializer="Form-Entitlement-Mgmt-EntitlementSelect" name="entitlementSelectForm">
    <Description>The name of the form used by this request process</Description>
  </Variable>
  <Variable initializer="Form-Entitlement-Mgmt-EditEntitlement" name="formName">
    <Description>The name of the form used by this request process</Description>
  </Variable>
  <Variable name="confirmationFormName">
    <Description>The name of the confirmation form used by this request process</Description>
  </Variable>
  <Variable name="appId" type="string">
    <Description>The application id for the app we're managing entitlements on</Description>
  </Variable>
  <Variable name="entitlementModel">
    <Description>
  		The variable which holds the form data and other hidden fields.
  		It is passed to the Workflow step call methods for the heavy lifting on connector provisioning
  	</Description>
  </Variable>
  <Variable editable="true" initializer="false" input="true" name="foregroundProvisioning">
    <Description>
      Normally provisioning is done in a step that uses the "background"
      option to force the workflow to be suspend and be resumed in a
      background task thread.  This prevents the browser session from
      hanging since provision can sometimes take a long time.  For demos
      and testing it can be better to do this in the foreground so that
      provisioning will have been performed when control is returned to the
      user.  This prevents having to run the Perform Maintenance task to 
      see the resutls of the request.
    </Description>
  </Variable>
  <Variable name="preFormProcessingRule"/>
  <Variable name="preConfirmationFormProcessingRule"/>
  <Variable name="postFormProcessingRule"/>
  <Variable name="preProvisioningProcessingRule"/>
  <Variable name="postProvisioningProcessingRule"/>
  <Variable name="project" />
  <Description>A workflow that illustrates editing an existing ActiveDirectory Link
      using the Identity Model.</Description>
  <Step icon="Start" name="start" posX="28" posY="10">
    <Transition to="Initialize Variables"/>
  </Step>
  <Step name="Initialize Variables" action="call:initializeWorkflowVariables" posX="184" posY="126">
    <Description>
      	A sets up additional workflow variables
      	This also gets the full display name of the person initiating this entitlement request. 
      </Description>
    <Arg name="launcher" value="ref:launcher"/>
    <Arg name="entitlementSelectForm" value="ref:entitlementSelectForm"/>
    <Arg name="objectTypeSelectFormName" value="ref:objectTypeSelectFormName"/>
    <Arg name="noObjectTypeSelectFormName" value="ref:noObjectTypeSelectFormName"/>
    <Arg name="formName" value="ref:formName"/>
    <Arg name="confirmationFormName" value="ref:confirmationFormName"/>
    <Arg name="entitlementOperation" value="ref:entitlementOperation"/>
    <Arg name="skipConfirmationForm" value="ref:skipConfirmationForm"/>
    <Arg name="source" value="ref:source"/>
    <Arg name="requesterDisplayName" value="ref:requesterDisplayName"/>
    <Arg name="requestType" value="ref:requestType"/>
    <Arg name="flow" value="ref:flow"/>
    <Arg name="sendRequestNotifications" value="ref:sendRequestNotifications"/>
    <Transition to="Present Object Type Select Form" when="!applicationConfigured"/>
    <Transition to="Select Entitlement"/>
  </Step>
  <Step name="Present Object Type Select Form" posX="374" posY="358">
    <Approval owner="ref:launcher">
      <Arg name="workItemDescription" value="Request Entitlement - Select Entitlement Type Details"/>
      <Arg name="workItemForm" value="ref:objectTypeSelectFormName"/>
    </Approval>
    <Description>
		Present the Application Select Entitlement Edit form to the launcher. This is simulated as an approval step with launcher himself being the approver. 
    </Description>
    <Transition to="Select Entitlement"/>
  </Step>
  <Step icon="Approval" name="Select Entitlement" posX="136" posY="242">
    <Approval owner="ref:launcher" return="entitlementApplicationId, entitlementValue, entitlementAttributeType" send="launcher, isEntitlementAdministrator, entitlementApplicationId, entitlementAttributeType, entitlementValue">
      <Arg name="workItemDescription" value="Edit Entitlement - Select Entitlement"/>
      <Arg name="workItemForm" value="ref:entitlementSelectForm"/>
    </Approval>
    <Description>
         Render a form with a single input that collects the entitlement to manage
      </Description>
  	<Transition to="Build Entitlement Model"/>
  </Step>
  <Step action="call:getManagedAttributeModel" icon="Task" name="Build Entitlement Model" posX="275" posY="42" resultVariable="entitlementModel">
    <Arg name="appId" value="ref:entitlementApplicationId"/>
    <Arg name="type" value="ref:entitlementAttributeType"/>
    <Arg name="value" value="ref:entitlementValue"/>
    <Transition to="Set Application Specific Variables"/>
  </Step>
  <Step action="call:setApplicationSpecificVariables" name="Set Application Specific Variables" posX="652" posY="126">
  	<Arg name="appId" value="ref:entitlementApplicationId"/>
  	<Arg name="type" value="ref:entitlementAttributeType"/>
  	<Arg name="flow" value="ref:flow"/>
  	<Arg name="entitlementOperation" value="ref:entitlementOperation"/>
    <Transition to="Build Edit Forms"/>
  </Step>
  <Step action="call:buildForms" name="Build Edit Forms">
  	<Arg name="entitlementOperation" value="ref:entitlementOperation"/>
  	<Arg name="useAppForm" value="ref:useAppForm"/>
  	<Arg name="entitlementModel" value="ref:entitlementModel"/>
  	<Arg name="noObjectTypeProvisioningFormName" value="ref:noObjectTypeProvisioningFormName"/>
    <Transition to="Process Pre Form Exception"/>
  </Step>
  <Step action="call:runWorkflowRule" condition="script:preFormProcessingRule != null" name="Process Pre Form Exception" posX="1129" posY="126">
  	<Arg name="ruleName" value="ref:preFormProcessingRule"/>
  	<Arg name="entitlementModel" value="ref:entitlementModel"/>
    <Transition to="Present Edit Form"/>
  </Step>
  <Step icon="Approval" name="Present Edit Form" posX="478" posY="40">
    <Approval mode="serial" owner="ref:launcher" return="entitlementModel" send="preConfirmationFormProcessingRule,requestType,entitlementModel,isEntitlementAdministrator,entitlementApplicationId,entitlementAttributeType">
      <Arg name="appId" value="ref:appId"/>
      <Arg name="workItemDescription" value="Edit Entitlement - Update Entitlement Details"/>
      <Arg name="modelBasePath" value="string:entitlementModel"/>
      <Arg name="workItemFormBasePath" value="string:entitlementModel"/>
      <Arg name="workItemForm" value="ref:formObj"/>
    </Approval>
    <Description>Present a form that allows editing the entitlement object</Description>
    <Transition to="Apply Computed Fields To Model" when="skipConfirmationForm"/>
    <Transition to="Prepare Confirmation Form"/>
  </Step>
  <Step action="call:runWorkflowRule" condition="script:preConfirmationFormProcessingRule != null"  name="Prepare Confirmation Form" posX="1129" posY="126">
    <Arg name="ruleName" value="ref:preConfirmationFormProcessingRule"/>
    <Arg name="entitlementModel" value="ref:entitlementModel"/>
    <Transition to="Present Confirmation Form"/>
  </Step>
  <Step icon="Approval" name="Present Confirmation Form" posX="359" posY="184">
    <Approval owner="ref:launcher"  return="entitlementModel" send="preConfirmationFormProcessingRule,requestType,launcher, entitlementModel, isEntitlementAdministrator,requesterName,entitlementApplicationId,entitlementAttributeType">
      <Arg name="appId" value="ref:appId"/>
      <Arg name="workItemDescription" value="Edit Entitlement - Confirm Entitlement Details"/>
      <Arg name="modelBasePath" value="string:entitlementModel"/>
      <Arg name="workItemFormBasePath" value="string:entitlementModel"/>
      <Arg name="workItemForm" value="ref:confirmationFormObj"/>
    </Approval>
    <Description>
       Present a confirmation form that is readonly and displays the values from the  
       model as it was persisted in the previous step.
      </Description>
    <Transition to="Present Edit Form" when="!approved"/>
    <Transition to="Apply Computed Fields To Model"/>
  </Step>
  <Step action="call:updateEntitlementModeler" name="Apply Computed Fields To Model" posX="1524" posY="126">
    <Arg name="entitlementModel" value="ref:entitlementModel"/>
     <Arg name="entitlementOperation" value="ref:entitlementOperation"/>
    <Transition to="Process Post Form Exception"/>
  </Step>
  <Step action="call:runWorkflowRule" condition="script:postFormProcessingRule != null" name="Process Post Form Exception" posX="1524" posY="126">
    <Arg name="ruleName" value="ref:postFormProcessingRule"/>
    <Arg name="entitlementModel" value="ref:entitlementModel"/>
    <Transition to="Approve and Provision"/>
  </Step>
  <Step name="Approve and Provision" posX="1746" posY="126">
    <Arg name="source" value="ref:source"/>
    <Arg name="foregroundProvisioning" value="ref:foregroundProvisioning"/>
    <Arg name="entitlementModel" value="ref:entitlementModel"/>
    <Arg name="flow" value="ref:flow"/>
    <Arg name="transient" value="ref:transient"/>
    <Arg name="trace" value="ref:trace"/>
    <Arg name="entitlementValue" value="ref:entitlementValue"/>
    <Arg name="entitlementAttributeType" value="ref:entitlementAttributeType"/>
    <Arg name="entitlementOperation" value="ref:entitlementOperation"/>
    <Arg name="entitlementApplicationId" value="ref:entitlementApplicationId"/>
    <Arg name="preProvisioningProcessingRule" value="ref:preProvisioningProcessingRule"/>
    <Arg name="requestType" value="ref:requestType"/>
    <Arg name="sendRequestNotifications" value="ref:sendRequestNotifications"/>
    <Arg name="requesterDisplayName" value="ref:requesterDisplayName"/>
    <Arg name="emailSubject" value="ref:emailSubject"/>
    <Arg name="entitlementDisplayName" value="ref:entitlementDisplayName"/>
    <Return name="plan" to="plan"/>
    <Return name="plans" to="plans"/>
    <Return name="approvalSet" to="approvalSet"/>
    <Return name="itemDecision" to="itemDecision"/>
    <Return name="entitlementProvStatus" to="entitlementProvStatus"/>
    <Return name="entitlementProvErros" to="entitlementProvErros"/>
    <Return name="project" to="project"/>
    <WorkflowRef>
      <Reference class="sailpoint.object.Workflow" name="Workflow-Entitlement-Mgmt-Approve-Provision"/>
    </WorkflowRef>
    <Transition to="Create Or Update Workgroups"/>
  </Step>
    <Step action="call:createOrUpdateWorkgroups" condition="script:((entitlementProvStatus != null  &amp;&amp; entitlementProvStatus.equalsIgnoreCase(&quot;Success&quot;)) || plan == null)" name="Create Or Update Workgroups">
     <Arg name="entitlementModel" value="ref:entitlementModel"/>
     <Arg name="entitlementOperation" value="ref:entitlementOperation"/>
    <Transition to="Post Provision Exception"/>
  </Step>
  <Step action="call:runWorkflowRule" condition="script:postProvisioningProcessingRule != null" name="Post Provision Exception" posX="1944" posY="126">
    <Arg name="ruleName" value="ref:postProvisioningProcessingRule"/>
    <Arg name="entitlementModel" value="ref:entitlementModel"/>
    <Transition to="end"/>
  </Step>
  <Step catches="complete" icon="Catches" name="Finally" posX="28" posY="10">
    <Script>
      <Source><![CDATA[
      ]]></Source>
    </Script>
    <Transition to="end"/>
  </Step>
  <Step icon="Stop" name="end" posX="2270" posY="126"/>
</Workflow>
