<?xml version='1.0' encoding='UTF-8'?>
<!DOCTYPE Workflow PUBLIC "sailpoint.dtd" "sailpoint.dtd">
<Workflow explicitTransitions="true"  name="Workflow-Entitlement-Mgmt-Leaver-Sync-Owner">
<Description>Entitlement Management Leaver Sync Owner Workflow</Description>
<Variable initializer="false" name="transient">
</Variable>
<Variable name="requesterDisplayName">
    <Description>The Display Name of the requester which is the launcher in Workflow terms</Description>
  </Variable>
<Variable initializer="APPROVE" name="itemDecision"/>
<Variable initializer="EntitlementLeaverSync" name="flow"/>
<Variable initializer="GroupManagement" name="source"/>
<Variable initializer="LeaverSync" name="entitlementOperation"/>
<Variable initializer="EntitlementLeaverSync" name="requestType"/>
<Variable initializer="false" name="trace"/>
<Variable name="rejected" initializer="boolean:false" />
<Variable name="autoReject" initializer="boolean:false" />
<Variable name="emailSubject"/>
<Variable initializer="Form-Entitlement-Mgmt-LeaverSyncEntitlement" name="formName"/>
<Variable name="sessionOwner">
   <Description>
     This is a system variable that we do not need to declare, but it's 
     good for documentation.  This will be set when the workflow is launched
     to the name of the Identity that is considered to be the owner
     of the interactive UI session.  This is passed to call:buildProvisioningForm
     so that we present forms to the active user first before suspending and
     opening work items for other users.
   </Description>
</Variable>
<Variable name="listOfOwnedApproversEntitlementIds" input="true">
   <Description>
   	 List of Managed Attribute Id's
   </Description>
</Variable>
<Variable name="listOfOwnedEntitlementDisplayNames">
   <Description>
   	 List of Managed Attribute Display Names
   </Description>
</Variable>
<Variable name="reassignTo" input="true" required="true">
   <Description>
   	 New Owner
   </Description>
</Variable>
<Variable name="globalConfig"/>
<Variable name="leaverWorkItemDescription"/>
<Variable name="launcher" input="true" required="true"/>
<Variable name="systemEntOwners" input="true" required="true"/>
	<Step icon="Start" name="start">
	   <Transition to="Initialize Variables"/>
	</Step>
	<Step name="Initialize Variables">
	<Script>
	      <Source><![CDATA[
	      	import sailpoint.rapidapponboarding.rule.EntitlementMgtApprovalRuleLibrary;
	      	import sailpoint.rapidapponboarding.rule.EntitlementMgtUtil;
	      	import sailpoint.rapidapponboarding.rule.EntitlementMgtNotificationLibrary;
	      	import sailpoint.rapidapponboarding.rule.EntitlementConstants;
	      	import sailpoint.object.Configuration;
          	import sailpoint.object.Attributes;
	      	Attributes globalConfig = (Attributes) EntitlementMgtApprovalRuleLibrary.getMappingObjectEntry(context, EntitlementConstants.DEFAULTWORKITEMCONFIG);
	      	workflow.put("globalConfig",globalConfig);
	      	EntitlementMgtUtil.setLeaverSyncVars(workflow,context,systemEntOwners,reassignTo,listOfOwnedApproversEntitlementIds);
	      ]]></Source>
	</Script>
	<Transition to="Managed Entitlements Reassignment Form"/>
	</Step>
	<Step name="Managed Entitlements Reassignment Form">
  <Approval mode="any" owner="ref:reassignTo" return ="systemEntOwners,listOfOwnedEntitlementDisplayNames" send="systemEntOwners,listOfOwnedEntitlementDisplayNames,requesterDisplayName">
  <AfterScript>
	 <Source>
		<![CDATA[
		  ]]>
        </Source>
	</AfterScript>
 	<Arg name="workItemType" value="Form"/>
    <Arg name="workItemDescription" value="ref:leaverWorkItemDescription"/>
    <Arg name="workItemForm" value="ref:formName"/>
    <Arg name="workItemElectronicSignature" value="$(globalConfig.electronicSignature)" />
   	<Arg name="workItemNotificationTemplate" value="$(globalConfig.notifyEmailTemplate)" />
    <Arg name="workItemHoursBetweenReminders" value="$(globalConfig.hoursBetweenReminders)" />
	<Arg name="workItemReminderTemplate" value="$(globalConfig.reminderEmailTemplate)" />
	<Arg name="workItemMaxReminders" value="$(globalConfig.maxReminders)" />
	<Arg name="workItemEscalationRule" value="$(globalConfig.escalationRule)" />
	<Arg name="workItemEscalationTemplate" value="$(globalConfig.escalationEmailTemplate)" />
	<Arg name="workItemHoursTillEscalation" value="$(globalConfig.hoursTillEscalation)" />
	<Arg name="workItemEscalationStyle" value="$(globalConfig.escalationStyle)" />
	<Arg name="workItemType" value="Approval" />
	<Arg name="workItemDisableNotification" value="$(globalConfig.disableApprovalNotifications)" />
	<Arg name="escalationType" value="$(globalConfig.escalationType)" />
	<Arg name="escalationSameLevelRule" value="$(globalConfig.escalationSameLevelRule)" />
	<Arg name="requestType" value="ref:requestType"/>
    <Arg name="entitlementOperation" value="ref:entitlementOperation"/>
   	<Arg name="flow" value="ref:flow"/>
   	<Arg name="source" value="ref:source"/>
   	<Arg name="requesterDisplayName" value="ref:requesterDisplayName"/>
   	<Arg name="emailSubject" value="ref:emailSubject"/>
   	<Arg name="listOfOwnedEntitlementDisplayNames" value="ref:listOfOwnedEntitlementDisplayNames"/>
   	<InterceptorScript>
		<Source>
         <![CDATA[
         import sailpoint.rapidapponboarding.rule.EntitlementMgtApprovalRuleLibrary;
         //Save Expiration date and Set Worflow Variable Auto Reject
         EntitlementMgtApprovalRuleLibrary.saveExpirationDate(item,context,workflow,method, "globalConfig", "hoursTillExpiration");
        EntitlementMgtApprovalRuleLibrary.prePostAssimilation(context,wfcontext,workflow,method,item,itemDecision);
      	]]>
		</Source>
	</InterceptorScript>
	</Approval>
	<Transition to="Provision" when="approved"/>
	<Transition to="Is Work Item Expired" />
	</Step>
	<Step name="Is Work Item Expired" resultVariable="autoReject">
		<Script>
			<Source>
			import sailpoint.rapidapponboarding.rule.EntitlementMgtApprovalRuleLibrary;
			//Calculate Rejection
			boolean reject = false;
			reject = EntitlementMgtApprovalRuleLibrary.isWorkItemRejected(wfcontext,workflow);
			if(reject)
			{
				workflow.put("itemDecision","REJECT");
			}
			//Calculate Auto Rejection
			boolean autoRejected = false;
			autoRejected = EntitlementMgtApprovalRuleLibrary.isWorkItemExpired(wfcontext,workflow);
			if(autoRejected)
			{
				EntitlementMgtApprovalRuleLibrary.autoRejectApprovalSet(context,approvalSet, "spadmin", "Auto rejected by IdentityIQ due to lack of approval");
				workflow.put("itemDecision","AUTOREJECT");
			}
			</Source>
		</Script>
		<Transition to="Notify on Auto Rejection" when="script:isTrue(autoReject)" />
		<Transition to="end" />
	</Step>
	<Step name="Notify on Auto Rejection" action="call:sendEmail" icon="Email">
	  <Arg name="to">
			<Script>
				<Source>
				<![CDATA[
					return reassignTo;
					]]>
		  		</Source>
			 </Script>
		</Arg>
		<Arg name="template" >
	      <Script>
	        <Source>
	            import sailpoint.rapidapponboarding.rule.EntitlementMgtNotificationLibrary;
	        	EntitlementMgtNotificationLibrary.getGlobalDefinitionEmailTemplate(context, null, "AutoRejection", null);
	        </Source>
	      </Script>
	    </Arg>
	    <Arg name="requestType" value="ref:requestType"/>
	    <Arg name="entitlementOperation" value="ref:entitlementOperation"/>
	   	<Arg name="flow" value="ref:flow"/>
	   	<Arg name="source" value="ref:source"/>
	   	<Arg name="requesterDisplayName" value="ref:requesterDisplayName"/>
	   	<Arg name="emailSubject" value="ref:emailSubject"/>
	   	<Arg name="listOfOwnedEntitlementDisplayNames" value="ref:listOfOwnedEntitlementDisplayNames"/>
   		<Transition to="end" />
	</Step>
	 <Step catches="complete" icon="Catches" name="Finally">
	   <Script>
	     <Source><![CDATA[
	     ]]></Source>
	   </Script>
	   <Transition to="end"/>
	 </Step>
	<Step name="Provision" wait="-1">
	<Script>
	      <Source><![CDATA[
	      	import sailpoint.rapidapponboarding.rule.EntitlementMgtUtil;
	      	EntitlementMgtUtil.provisionMembershipChanges(context,listOfOwnedApproversEntitlementIds,reassignTo);
	      ]]></Source>
	</Script>
	 <Transition to="Notify on Leaver Sync Completion"/>
	</Step>
	<Step name="Notify on Leaver Sync Completion" action="call:sendEmail" icon="Email" >
	  <Arg name="to">
		<Script>
			<Source>
			<![CDATA[
				return reassignTo;
				]]>
	  		</Source>
		 </Script>
		</Arg>
		<Arg name="template" >
	     <Script>
	       <Source>
	            import sailpoint.rapidapponboarding.rule.EntitlementMgtNotificationLibrary;
	       		EntitlementMgtNotificationLibrary.getGlobalDefinitionEmailTemplate(context, null, "LeaverSync", null);
	       </Source>
	     </Script>
	   </Arg>
	<Arg name="requestType" value="ref:requestType"/>
    <Arg name="entitlementOperation" value="ref:entitlementOperation"/>
   	<Arg name="flow" value="ref:flow"/>
   	<Arg name="source" value="ref:source"/>
   	<Arg name="requesterDisplayName" value="ref:requesterDisplayName"/>
   	<Arg name="emailSubject" value="ref:emailSubject"/>
   	<Arg name="listOfOwnedEntitlementDisplayNames" value="ref:listOfOwnedEntitlementDisplayNames"/>
   	<Transition to="end"/>
	 </Step>
	 <Step icon="Stop" name="end"/>
</Workflow>