<?xml version='1.0' encoding='UTF-8'?>
<!DOCTYPE Workflow PUBLIC "sailpoint.dtd" "sailpoint.dtd">
<Workflow  explicitTransitions="true"  libraries="Group,IdentityRequest,Identity,LCM,sailpoint.rapidonboarding.entitlementmanagement.workflow.ManagedAttribute"  name="Workflow-Entitlement-Mgmt-Approve-Provision">
   <Description>Entitlement Management Workflow</Description>
  <Variable initializer="true" name="transient">
    <Description>
        Set to false to cause workflow-related objects, such as approval
        work items, to be saved in the database even if they are only
        viewed by the person registering.
      </Description>
  </Variable>
  <Variable initializer="false" name="trace">
    <Description>enable this to see stuff spit out to stdout</Description>
  </Variable>
  <Variable name="approvalStartDate"/>
  <Variable name="identityRequest"/>
  <Variable name="identityRequestId"/>
  <Variable name="generateRequestId" initializer="boolean:false"/>
  <Variable name="emailSubject" input="true"/>
  <Variable name="requesterDisplayName" input="true">
    <Description>Requester Display Name</Description>
  </Variable>
   <Variable name="plan" output="true">
    <Description>Entitlement Plan</Description>
  </Variable>
    <Variable name="plans" output="true">
    <Description>Identity and Entitlement Plans</Description>
  </Variable>
   <Variable name="project" output="true">
    <Description>Entitlement Project</Description>
  </Variable>
   <Variable name="sessionOwner">
    <Description>
      This is a system variable that we do not need to declare, but it's 
      good for documentation.  This will be set when the workflow is launched
      to the name of the Identity that is considered to be the owner
      of the interactive UI session.  This is passed to call:buildProvisioningForm
      so that we present forms to the active user first before suspending and
      opening work items for other users.
    </Description>
  </Variable>
    <Variable input="true" name="sendRequestNotifications">
	<Description>		
		In case Workflow was invoked by a User in IdentityIQ Send Submission and Confirmation Emails		
	</Description>		
  </Variable>
  <Variable name="targetAggregation" initializer="script: false;"/>
  <Variable name="provisionIdentity" initializer="script: false;"/>
  <Variable input="true" name="source">
    <Description>Source</Description>
  </Variable>
  <Variable input="true" name="flow">
    <Description>Flow</Description>
  </Variable>
  <Variable input="true" name="requestType">
    <Description>Entitlement Mgt</Description>
  </Variable>
   <Variable name="entitlementDisplayName" input="true">
    <Description>Entitlement Display Name</Description>
  </Variable>
  <Variable initializer="Form-Entitlement-Mgmt-Manual" name="manualForm">
    <Description>Entitlement Mgt</Description>
  </Variable>
   <Variable name="summaryName">
    <Description>Summary Name</Description>
  </Variable>
   <Variable name="globalConfig" />
   <Variable name="workItemComments">
  </Variable>
   <Variable name="changes">
     <Description>
      A ChangeSummary object  
    </Description>
  </Variable>
  <Variable name="approvalSet">
    <Description>ApprovalSet</Description>
  </Variable>
  <Variable input="true" name="preProvisioningProcessingRule"/>
  <Variable name="identityWorkflow">
     <Script>
      <Source>
      	<![CDATA[
        import sailpoint.rapidapponboarding.rule.EntitlementMgtUtil;
        return (String)EntitlementMgtUtil.getGlobalDefinitionAttribute(context,"identityWorkflow");
        ]]>
      </Source>
    </Script>
  </Variable>
  <Variable name="identityRequestType">
     <Script>
      <Source>
      	<![CDATA[
        import sailpoint.rapidapponboarding.rule.EntitlementMgtUtil;
        return (String)EntitlementMgtUtil.getGlobalDefinitionAttribute(context,"identityRequestType");
        ]]>
      </Source>
    </Script>
  </Variable>
  <Variable editable="true" initializer="false" input="true" name="foregroundProvisioning">
  </Variable>
  <Variable initializer="script: new String();" name="entitlementValue" input="true"/>
  <Variable name="entitlementOperation" input="true"/>
  <Variable name="entitlementAttributeType" input="true"/>
  <Variable name="entitlementApplicationId" input="true" type="string">
    <Description>The application id for the app we're creating entitlements on</Description>
  </Variable>
  <Variable initializer="APPROVE" name="itemDecision" input="true" output="true"/>
  <Variable input="true" name="itemCompleter"/>
  <Variable input="true" name="completer"/>
  <Variable name="undoEntitlementChangesOnFailure">
       <Script>
      <Source>
      	<![CDATA[
        import sailpoint.rapidapponboarding.rule.EntitlementMgtUtil;
       	return EntitlementMgtUtil.getGlobalDefinitionAttribute(context,"undoEntitlementChangesOnFailure");
        ]]>
      </Source>
    </Script>
  </Variable>
  <Variable name="entitlementModel">
    <Description>
  		The variable which holds the form data and other hidden fields.
  		It is passed to the Workflow step call methods for the heavy lifting on connector provisioning
  	</Description>
  </Variable>
  <Variable name="entitlementProvStatus">
    <Description>
  		A string to hold the result of the entitlement provisioning attempt. It holds the values 'Success' or 'Error'.
  		A 'Success' transitions the Workflow to Identity Provisioning. 'Error' value causes entitlement retry attempts at intervals specified by provisioningRetryThreshold.
  	</Description>
  </Variable>
  <Variable name="entitlementProvErros"/>
 <Variable  input="true" name="provisioningRetryThreshold" type="integer">
    <Description>
      The interval in minutes to wait to retry the request defaults to 
      60 minutes.  The retryInterval will be read from the underlying
      applications involved in the retry provisioning activity and
      the max interval defined across all applications will be used .
      If an interval is not specified on any of the Applications 
      we'll fall back to the setting in this variable which defaultws
      to an hour.
    </Description>
    <Script>
      <Source>
      	<![CDATA[
        import sailpoint.rapidapponboarding.rule.EntitlementMgtUtil;
        import org.apache.commons.logging.Log;
		import org.apache.commons.logging.LogFactory;
        import sailpoint.rapidapponboarding.logger.EntLogEnablement;
        Log provisioningLogger = LogFactory.getLog("rapidapponboarding.rules");
   	    Integer defaultInteger = new Integer(60);
        Integer configInteger=null;
        try
        {
        	configInteger = EntitlementMgtUtil.getIntConfig(context,"provisioningRetryThreshold");
        }
        catch (Exception ex)
        {
        	EntLogEnablement.isLogErrorEnabled(provisioningLogger,"Unable to Get Provisioning SLA "+ex.getMessage());
        }
        if(configInteger!=null)
        {
        	return configInteger;
        }
        else
        {
        	return defaultInteger;
        }
        ]]>
      </Source>
    </Script>
  </Variable>
 <Variable editable="true"  input="true" name="provisioningMaxRetries" type="integer">
    <Description>
       The maximum number of retries that will be attempted before failure 
       of the provisioning activities.  A value of -1 will execute
       retries indefinetly.
       Like provisioningRetry the value will be read from the
       application, if not defined on the application 
       we'll fall back to this setting which will default to -1.
    </Description>
     <Script>
      <Source>
      	<![CDATA[
        import sailpoint.rapidapponboarding.rule.EntitlementMgtUtil;
        import org.apache.commons.logging.Log;
		import org.apache.commons.logging.LogFactory;
        import sailpoint.rapidapponboarding.logger.EntLogEnablement;
        Log provisioningLogger = LogFactory.getLog("rapidapponboarding.rules");
        Integer defaultInteger = new Integer(5);
        Integer configInteger=null;
        try
        {
       	 	configInteger = EntitlementMgtUtil.getIntConfig(context,"provisioningMaxRetries");
        }
        catch (Exception ex)
        {
        	EntLogEnablement.isLogErrorEnabled(provisioningLogger,"Unable to get Get Provisioning SLA "+ex.getMessage());
        }
        if(configInteger!=null)
        {
       	 	return configInteger;
        }
        else
        {
        	return defaultInteger;
        }
        ]]>
      </Source>
    </Script>
  </Variable>
  <Variable editable="true" initializer="script:new Integer(0);" name="retries" type="integer">
    <Description>
       The number of retries performed during the execution
       of the provisioning activities.
    </Description>
  </Variable>
  <Variable name="managedAttributeEntitlementId">
    <Description>The Id of the ManagedAttribute entitlement being created/updated</Description>
  </Variable>
    <RuleLibraries>
    <Reference class="sailpoint.object.Rule" name="LCM Workflow Library"/>
  </RuleLibraries>
  <Step icon="Start" name="start" posX="27" posY="42">
    <Transition to="Initialize Variables"/>
  </Step>
  <Step name="Initialize Variables">
    <Description>
      	A sets up additional workflow variables
      	This also gets the full display name of the person initiating this entitlement request. 
      </Description>
    <Script>
      <Source><![CDATA[
      	import sailpoint.rapidapponboarding.rule.EntitlementMgtApprovalRuleLibrary;
 		EntitlementMgtApprovalRuleLibrary.initWFVariables(context,entitlementModel,workflow,entitlementOperation);
      ]]></Source>
    </Script>
    <Transition to="Build Provisioning Plans"/>
  </Step>
  <Step action="call:generatePlansReferingEntitlementModeler" icon="Task" name="Build Provisioning Plans" posX="1150" posY="171" resultVariable="plans">
    <Arg name="entitlementModel" value="ref:entitlementModel"/>
    <Arg name="entitlementOperation" value="ref:entitlementOperation"/>
    <Description>
        For now, build a map of the data. Eventually this will use the Identity
        transformer to build a Map based on an existing identityName, or 
        Identity object.
      </Description>  
    <Transition to="Extract Entitlement Plan"/>
  </Step>
  <Step action="call:extractEntitlementPlanFromPlans" name="Extract Entitlement Plan" resultVariable="plan">
   <Arg name="entitlementModel" value="ref:entitlementModel"/>
   <Arg name="entitlementOperation" value="ref:entitlementOperation"/>
   <Arg name="entitlementProvStatus" value="ref:entitlementProvStatus"/>
   <Arg name="targetAggregation" value="ref:targetAggregation"/>
   <Arg name="provisionIdentity" value="ref:provisionIdentity"/>
   <Arg name="plans" value="ref:plans"/>
  <Transition to="Pre Provision Exception"/>
  </Step>
  <Step action="call:runWorkflowRule" condition="script:preProvisioningProcessingRule != null" name="Pre Provision Exception">
  	<Arg name="ruleName" value="ref:preProvisioningProcessingRule"/>
  	<Arg name="entitlementModel" value="ref:entitlementModel"/>
    <Transition to="Compile Entitlement Project" when="script:plan!=void &amp;&amp; plan!=null"/>
    <Transition to="Update Change Summary"/>
  </Step>
  <Step action="call:compileGroupProject" name="Compile Entitlement Project" posX="219" posY="19" resultVariable="project">
    <Arg name="plan" value="ref:plan"/>
    <Arg name="requester" value="ref:launcher"/>
    <Arg name="source" value="ref:source"/>
    <Arg name="optimisticProvisioning" value="ref:optimisticProvisioning"/>
    <Description>
      Compile the provisioning plan into a provisioning project.
      Unlike the project compilation step for identities, we do not
      expect to be dealing with provisioning policies and forms.
    </Description>
    <Transition to="Build Change Summary" when="script:plan!=void &amp;&amp; plan!=null"/>
     <Transition to="Update Change Summary"/>
  </Step>
  <Step action="call:buildGroupChangeSummary" name="Build Change Summary" posX="432" posY="112" resultVariable="changes">
    <Arg name="plan" value="ref:plan"/>
    <Transition to="Update Change Summary"/>
  </Step>
  <Step action="call:updateChangeSummary" name="Update Change Summary" posX="432" posY="112" resultVariable="changes">
    <Arg name="changes" value="ref:changes"/>
    <Arg name="entitlementModel" value="ref:entitlementModel"/>
    <Arg name="requestType" value="ref:requestType"/>
    <Transition to="Create Identity Request Id"  when="script:isTrue(generateRequestId) &amp;&amp; plan!=void &amp;&amp; plan!=null"/>
    <Transition to="Prepare Approval" />
  </Step>
   <Step name="Create Identity Request Id">
    <Arg name="identityName" value="Group Management"/>
    <Arg name="identityDisplayName" value="Group Management"/>
    <Arg name="plan" value="ref:plan"/>
    <Arg name="project" value="ref:project"/>
    <Arg name="source" value="LCM"/>
    <Arg name="priority" value="Normal"/>
    <!-- <Arg name="flow" value="AccountsRequest"/> -->
    <Arg name="flow" value="ref:flow"/>
    <Arg name="optimisticProvisioning" value="false"/>
    <Arg name="trace" value="ref:trace"/>
    <Arg name="workItemComments" value="ref:workItemComments"/>
    <Description>
    	Create an identity request for the entitlement plan. Using Group Management as a placeholder for identityName, 
    	but this will be overwritten in the next step because its a group request which don't have identityNames.
    </Description>
    <Return name="identityRequestId" to="identityRequestId"/>
    <Return name="identityRequest" to="identityRequest"/>
    <Return name="approvalSet" to="approvalSet"/>
    <WorkflowRef>
      <Reference class="sailpoint.object.Workflow" name="Identity Request Initialize"/>
    </WorkflowRef>
    <Transition to="Prepare Approval"/>
  </Step>
  <Step name="Prepare Approval" >
     	<Script>
       	<Source><![CDATA[
			import sailpoint.rapidapponboarding.rule.EntitlementMgtApprovalRuleLibrary;
		   	EntitlementMgtApprovalRuleLibrary.generateApprovalSet(entitlementModel,workflow,entitlementOperation);
		   	EntitlementMgtApprovalRuleLibrary.generateSummaryName(entitlementModel,workflow,entitlementOperation);
		   	EntitlementMgtApprovalRuleLibrary.updateIdentityRequest(entitlementModel,workflow,identityRequest);
		]]></Source>
     	</Script>
     	<Transition to="Notify on Request Submission" when="script:isTrue(sendRequestNotifications)"/>
    	<Transition to="Approval Subprocess"/>
  </Step>
   <Step name="Notify on Request Submission" action="call:sendEmail" icon="Email" >
   <Arg name="emailSubject" value="ref:emailSubject"/>
    <Arg name="to">
			<Script>
				<Source>
				<![CDATA[
					return launcher;
					]]>
		  		</Source>
			 </Script>
		</Arg>
		<Arg name="template" >
	      <Script>
	        <Source>
	            import sailpoint.rapidapponboarding.rule.EntitlementMgtNotificationLibrary;
	        	EntitlementMgtNotificationLibrary.getGlobalDefinitionEmailTemplate(context, project, "RequestSubmission", entitlementModel);
	        </Source>
	      </Script>
	    </Arg>
	     <Arg name="dynamicAppContent">
	      	<Script>
				<Source>
				   import sailpoint.rapidapponboarding.rule.EntitlementMgtNotificationLibrary;
					return EntitlementMgtNotificationLibrary.generateDynamicTextEmailTemplate(context,project,"RequestSubmission", requestType, entitlementModel);
		  		</Source>
			</Script>
    	</Arg>
    	<Arg name="entitlementModel" value="ref:entitlementModel"/>
    	<Arg name="changes" value="ref:changes"/>
        <Arg name="requestType" value="ref:requestType"/>
        <Arg name="entitlementOperation" value="ref:entitlementOperation"/>
    	<Arg name="flow" value="ref:flow"/>
    	<Arg name="source" value="ref:source"/>
    	<Arg name="identityRequestId" value="ref:identityRequestId"/>
    	<Transition to="Approval Subprocess"/>
	</Step>
  	<Step icon="Approval" name="Approval Subprocess" >
         <Arg name="project" value="ref:project"/>
         <Arg name="plan" value="ref:plan"/>
         <Arg name="approvalSet" value="ref:approvalSet"/>
         <Arg name="launcher" value="ref:launcher"/>
         <Arg name="entitlementModel" value="ref:entitlementModel"/>
         <Arg name="summaryName" value="ref:summaryName"/>
         <Arg name="changes" value="ref:changes"/>
         <Arg name="itemDecision" value="ref:itemDecision"/>
         <Arg name="completer" value="ref:completer"/>
         <Arg name="itemCompleter" value="ref:itemCompleter"/>
         <Arg name="requestType" value="ref:requestType"/>
         <Arg name="trace" value="ref:trace"/>
         <Arg name="entitlementDisplayName" value="ref:entitlementDisplayName"/>
         <Arg name="workItemComments" value="ref:workItemComments"/>
         <Arg name="source" value="ref:source"/>
         <Arg name="flow" value="ref:flow"/>
         <Arg name="requesterDisplayName" value="ref:requesterDisplayName"/>
         <Arg name="entitlementOperation" value="ref:entitlementOperation"/>
         <Arg name="emailSubject" value="ref:emailSubject"/>
         <Arg name="identityRequestId" value="ref:identityRequestId"/>
         <Arg name="identityRequest" value="ref:identityRequest"/>
         <Arg name="approvalStartDate" value="ref:iapprovalStartDate"/>
       <WorkflowRef>
	      <Reference class="sailpoint.object.Workflow" name="Workflow-Subprocess-Entitlement-Mgmt-Approvals"/>
	    </WorkflowRef>
	    <Return name="itemDecision" to="itemDecision"/>
	    <Return name="approvalSet" to="approvalSet"/>
	    <Return name="identityRequest" to="identityRequest"/>
    	<Transition to="Update Identity Request Status Before Provisioning" />   
   </Step>
  <Step name="Update Identity Request Status Before Provisioning">
   <Script>
    <Source><![CDATA[
	      import sailpoint.rapidapponboarding.rule.EntitlementMgtApprovalRuleLibrary;
	      if(project!=void)
  	      EntitlementMgtApprovalRuleLibrary.updateIdentityRequestStatus(context,wfcontext,itemDecision,project,identityRequest,entitlementProvStatus,entitlementProvErros,true,false,false);
  	      else
  	      EntitlementMgtApprovalRuleLibrary.updateIdentityRequestStatus(context,wfcontext,itemDecision,null,identityRequest,entitlementProvStatus,entitlementProvErros,true,false,false);
  	]]></Source>
    </Script>
   	<Transition to="Audit" when="itemDecision.equalsIgnoreCase(&quot;REJECT&quot;);"/>   
    <Transition to="Provision Entitlement Project" when="script:project!=void &amp;&amp; project!= null &amp;&amp; plan!=void &amp;&amp; plan!=null"/>
    <Transition to="Provision Identity Plans" />
  </Step>
  <Step action="call:provisionGroupProject" icon="Provision"  name="Provision Entitlement Project" posX="732" posY="15">
    <Arg name="background" value="!ref:foregroundProvisioning"/>
    <Arg name="project" value="ref:project"/>
    <Description>
      Provision what remains in the project.  Normally we won't
      be here with unanswered provisioning questions.
    </Description>
    <Transition to="Check Project Status"/>
  </Step>
  <Step icon="Task" name="Check Project Status">
    <Script><Source><![CDATA[
    	import sailpoint.rapidapponboarding.rule.EntitlementMgtUtil;
    	EntitlementMgtUtil.checkProjectStatus(workflow, wfcontext, project);
    ]]></Source></Script>
    <Arg name="project" value="ref:project"/>
    <Description> 
       Dig into the project and look for things marked retryable.
       Build an new plan that contains only the retryable parts.
    </Description>
    <Transition to="Update Identity Request Status After Provisioning"/>
  </Step>
  <Step name="Update Identity Request Status After Provisioning">
   <Script>
    <Source><![CDATA[
	      import sailpoint.rapidapponboarding.rule.EntitlementMgtApprovalRuleLibrary;
	      if(project!=void)
  	      EntitlementMgtApprovalRuleLibrary.updateIdentityRequestStatus(context,wfcontext,itemDecision,project,identityRequest,entitlementProvStatus,entitlementProvErros,false,true,false);
  	      else
  	      EntitlementMgtApprovalRuleLibrary.updateIdentityRequestStatus(context,wfcontext,itemDecision,null,identityRequest,entitlementProvStatus,entitlementProvErros,false,true,false);
  	]]></Source>
    </Script>
    <Transition to="Perform Targeted Aggregation" when="script:&quot;Success&quot;.equals(entitlementProvStatus)"/>
    <Transition to="Wait for Entitlement Retry" when="script:&quot;Retry&quot;.equals(entitlementProvStatus)"/>
    <Transition to="Audit"/>
  </Step>
  <Step name="Wait for Entitlement Retry" posX="1349" posY="406" wait="ref:provisioningRetryThreshold">
    <Transition to="Provision Entitlement Project"/>
  </Step>
  <Step action="call:performTargetedAggregationInternalorExternal" condition="script:!targetAggregation" name="Perform Targeted Aggregation" posX="1496" posY="551" resultVariable="managedAttributeEntitlementId">
    <Arg name="entitlementModel" value="ref:entitlementModel"/>
    <Arg name="entitlementOperation" value="ref:entitlementOperation"/>
    <Arg name="targetAggregation" value="ref:targetAggregation"/>
   <Transition to="Provision Identity Plans"/>
  </Step>
  <Step action="call:executeIdentityPlans" icon="Task" condition="script:isTrue(provisionIdentity)" name="Provision Identity Plans" posX="1496" posY="165">
    <Arg name="plans" value="ref:plans"/>
    <Arg name="project" value="ref:project"/>
    <Arg name="identityWorkflow" value="ref:identityWorkflow"/>
    <Arg name="identityRequestType" value="ref:identityRequestType"/>
    <Transition to="Audit"/>
  </Step>
  <Step action="call:auditEntitlementRequest" icon="Audit" name="Audit" posX="894" posY="588">
    <Arg name="launcher" value="ref:launcher"/>
    <Arg name="entitlementModel" value="ref:entitlementModel"/>
    <Arg name="managedAttributeEntitlementId" value="ref:managedAttributeEntitlementId"/>
    <Arg name="changes" value="ref:changes"/>
    <Arg name="entitlementOperation" value="ref:entitlementOperation"/>
    <Arg name="itemDecision" value="ref:itemDecision"/>
    <Arg name="entitlementProvStatus" value="ref:entitlementProvStatus"/>
    <Arg name="entitlementProvErros" value="ref:entitlementProvErros"/>
    <Arg name="identityRequestId" value="ref:identityRequestId"/>
    <Description>
      	Audits and sends email regarding the completion of the request. 
      	- If not approved, it'll send rejection emails
      	- If approved, but provisioning failed, it'll send failure emails
      	- If approved and provisioning succeed, it'll send success emails 
    </Description>
    <Transition to="Undo Entitlement Changes" when="script:!&quot;Success&quot;.equals(entitlementProvStatus) &amp;&amp; itemDecision.equalsIgnoreCase(&quot;APPROVE&quot;);"/> 
    <Transition to="Manual Actions" when="script:project!=void &amp;&amp; project!= null &amp;&amp; project.getUnmanagedPlan() != null"/>
    <Transition to="Notify on Request Completion" when="script:isTrue(sendRequestNotifications)"/>
    <Transition to="end"/>
  </Step>
  <Step action="call:undoEntitlementChanges" condition="script:sailpoint.tools.Util.otob(undoEntitlementChangesOnFailure)" name="Undo Entitlement Changes" posX="1018" posY="304">
    <Arg name="entitlementModel" value="ref:entitlementModel"/>
    <Arg name="changes" value="ref:changes"/>
    <Arg name="entitlementOperation" value="ref:entitlementOperation"/>
    <Arg name="identityRequestId" value="ref:identityRequestId"/>
    <Transition to="Manual Actions" when="script:project!= null &amp;&amp; project.getUnmanagedPlan() != null"/>
    <Transition to="Notify on Request Completion" when="script:isTrue(sendRequestNotifications)"/>
    <Transition to="end"/>
  </Step>
    <Step name="Manual Actions">
    <Script>
      <Source><![CDATA[
      	import sailpoint.rapidapponboarding.rule.EntitlementMgtApprovalRuleLibrary;
      	import sailpoint.rapidapponboarding.rule.EntitlementConstants;
      	import sailpoint.object.Attributes;
      	Attributes globalConfig = (Attributes) EntitlementMgtApprovalRuleLibrary.getMappingObjectEntry(context, EntitlementConstants.DEFAULTWORKITEMCONFIG);
	    workflow.put("globalConfig",globalConfig);
	  ]]></Source>
    </Script>
    <Transition to="Manual Action Form"/>
  </Step>
   <Step icon="Approval" name="Manual Action Form">
    <Approval mode="parallelPoll" >
     <AfterScript>
        <Source>
          <![CDATA[
          import sailpoint.object.ApprovalSet;
          import sailpoint.object.ApprovalItem;
          import sailpoint.object.WorkItem;
          if (item == null) 
          {
              return;
          }
          ApprovalSet set = (ApprovalSet)item.get("approvalSet");
          if ( set != null ) 
          {
              List approvalItems = set.getItems();
              for ( ApprovalItem approvalItem : approvalItems ) 
              {
                  approvalItem.setState(WorkItem.State.Finished);
              }
          }
          // Audit the manual change
          auditManualAction(item);
           ]]>
        </Source>
      </AfterScript>
      	<Arg name="emailSubject" value="ref:emailSubject"/>
	    <Arg name="workItemRequester" value="$(launcher)"/>
	    <Arg name="workItemDescription" value="Manual Changes for Entitlement"/>
	    <Arg name="workItemType" value="Form"/>
	    <Arg name="workItemForm" value="ref:manualForm"/>
	    <Arg name="workItemFormBasePath" value="entitlementModel"/>
    	<Arg name="workItemElectronicSignature" value="$(globalConfig.electronicSignature)" />
    	<Arg name="workItemNotificationTemplate" >
	      <Script>
	        <Source>
	            import sailpoint.rapidapponboarding.rule.EntitlementMgtNotificationLibrary;
	        	EntitlementMgtNotificationLibrary.getGlobalDefinitionEmailTemplate(context, project,"PendingManualChanges", entitlementModel);
	        </Source>
	      </Script>
	    </Arg>
		<Arg name="workItemIdentityRequestId" value="ref:identityRequestId"/> 
		<Arg name="identityRequestId" value="ref:identityRequestId"/> 
		<Arg name="workItemHoursBetweenReminders" value="$(globalConfig.hoursBetweenReminders)" />
		<Arg name="workItemReminderTemplate" value="$(globalConfig.reminderEmailTemplate)" />
		<Arg name="workItemMaxReminders" value="$(globalConfig.maxReminders)" />
		<Arg name="workItemEscalationRule" value="$(globalConfig.escalationRule)" />
		<Arg name="workItemEscalationTemplate" value="$(globalConfig.escalationEmailTemplate)" />
		<Arg name="workItemHoursTillEscalation" value="$(globalConfig.hoursTillEscalation)" />
		<Arg name="workItemEscalationStyle" value="$(globalConfig.escalationStyle)" />
		<Arg name="workItemDisableNotification" value="$(globalConfig.disableApprovalNotifications)" />
		<Arg name="escalationType" value="$(globalConfig.escalationType)" />
		<Arg name="escalationSameLevelRule" value="$(globalConfig.escalationSameLevelRule)" />
		<Arg name="dynamicAppContent">
	      	<Script>
				<Source>
				   import sailpoint.rapidapponboarding.rule.EntitlementMgtNotificationLibrary;
				   return EntitlementMgtNotificationLibrary.generateDynamicTextEmailTemplate(context,project,"PendingManualChanges",requestType,entitlementModel);
		  		</Source>
			</Script>
    	</Arg>
    	<Arg name="entitlementModel" value="ref:entitlementModel"/>
    	<Arg name="changes" value="ref:changes"/>
        <Arg name="requestType" value="ref:requestType"/>
        <Arg name="entitlementOperation" value="ref:entitlementOperation"/>
    	<Arg name="flow" value="ref:flow"/>
    	<Arg name="source" value="ref:source"/>
    	<Arg name="requesterDisplayName" value="ref:requesterDisplayName"/>
	  	<OwnerScript>
			<Source>
			<![CDATA[
			    import sailpoint.rapidapponboarding.rule.EntitlementMgtApprovalRuleLibrary;
			    return EntitlementMgtApprovalRuleLibrary.getOwnerManualForm( context,  approvalSet);
     			]]>
     			</Source>
		</OwnerScript>
    </Approval>
    <Transition to="Notify on Request Completion" when="script:isTrue(sendRequestNotifications)"/>
    <Transition to="end"/>
  </Step>
   <Step name="Notify on Request Completion" action="call:sendEmail" icon="Email" >
   <Arg name="emailSubject" value="ref:emailSubject"/>
    <Arg name="to">
			<Script>
				<Source>
				<![CDATA[
					return launcher;
					]]>
		  		</Source>
			 </Script>
		</Arg>
		<Arg name="template" >
	      <Script>
	        <Source>
	            import sailpoint.rapidapponboarding.rule.EntitlementMgtNotificationLibrary;
	        	EntitlementMgtNotificationLibrary.getGlobalDefinitionEmailTemplate(context, project,"RequestCompletion",entitlementModel);
	        </Source>
	      </Script>
	    </Arg>
	     <Arg name="dynamicAppContent">
	      	<Script>
				<Source>
				   import sailpoint.rapidapponboarding.rule.EntitlementMgtNotificationLibrary;
				   return EntitlementMgtNotificationLibrary.generateDynamicTextEmailTemplate(context,project,"RequestCompletion",requestType,entitlementModel);
		  		</Source>
			</Script>
    	</Arg>
    	 <Arg name="entitlementModel" value="ref:entitlementModel"/>
    	 <Arg name="changes" value="ref:changes"/>
    	 <Arg name="requestType" value="ref:requestType"/>
    	 <Arg name="entitlementOperation" value="ref:entitlementOperation"/>
    	 <Arg name="flow" value="ref:flow"/>
    	 <Arg name="source" value="ref:source"/>
    	 <Arg name="requesterDisplayName" value="ref:requesterDisplayName"/>
    	 <Arg name="entitlementProvErros" value="ref:entitlementProvErros"/>
    	 <Arg name="identityRequestId" value="ref:identityRequestId"/>
    	 <Transition to="end"/>
	</Step>
  <Step catches="complete" icon="Catches" name="Finally" posX="68" posY="479">
   <Script>
    <Source><![CDATA[
	      import sailpoint.rapidapponboarding.rule.EntitlementMgtApprovalRuleLibrary;
	      if(project!=void)
  	      EntitlementMgtApprovalRuleLibrary.updateIdentityRequestStatus(context,wfcontext,itemDecision,project,identityRequest,entitlementProvStatus,entitlementProvErros,false,false,true);
  	      else
  	      EntitlementMgtApprovalRuleLibrary.updateIdentityRequestStatus(context,wfcontext,itemDecision,null,identityRequest,entitlementProvStatus,entitlementProvErros,false,false,true);
  	]]></Source>
    </Script>
    <Transition to="end"/>
  </Step>
  <Step icon="Stop" name="end" posX="381" posY="484"/>
</Workflow>
