<?xml version='1.0' encoding='UTF-8'?>
<!DOCTYPE Workflow PUBLIC "sailpoint.dtd" "sailpoint.dtd">
<Workflow explicitTransitions="true" libraries="sailpoint.rapidonboarding.entitlementmanagement.workflow.ManagedAttribute" name="Workflow-Entitlement-Mgmt-Expired">
<Description>Entitlement Management Expired Workflow</Description>
<Variable initializer="false" name="transient">
</Variable>
<Variable initializer="EntitlementExpired" name="flow"/>
<Variable initializer="GroupManagement" name="source"/>
<Variable initializer="Expired" name="entitlementOperation"/>
<Variable initializer="EntitlementExpired" name="requestType"/>
 <Variable name="entitlementDisplayName">
    <Description>Entitlement Display Name</Description>
  </Variable>
<Variable name="requesterDisplayName">
    <Description>The Display Name of the requester which is the launcher in Workflow terms</Description>
  </Variable>
 <Variable name="changes">
   <Description>
    A ChangeSummary object  
  </Description>
</Variable>
<Variable name="emailSubject"/>
<Variable initializer="false" name="trace">
</Variable>
 <Variable name="sessionOwner">
    <Description>
      This is a system variable that we do not need to declare, but it's 
      good for documentation.  This will be set when the workflow is launched
      to the name of the Identity that is considered to be the owner
      of the interactive UI session.  This is passed to call:buildProvisioningForm
      so that we present forms to the active user first before suspending and
      opening work items for other users.
    </Description>
  </Variable>
<Variable initializer="APPROVE" name="itemDecision"/>
<Variable name="entitlementAdminApprover"/>
<Variable name="project"/>
<Variable name="plan"/>
<Variable name="plans"/>
<Variable name="launcher" input="true" required="true"/>
<Variable name="systemEntOwners" input="true" required="true"/>
<Variable name="entitlementValue" input="true" required="true"/>
<Variable name="managedAttributeId" input="true" required="true"/>
<Variable name="entitlementAttributeType" input="true" required="true"/>
<Variable name="entitlementApplicationId" input="true" required="true"/>
<Variable name="sendRequestNotifications" initializer="script: false;">
	<Description>		
	In case Workflow was invoked by a User in IdentityIQ Send Submission and Confirmation Emails				
	</Description>		
</Variable>
<Variable name="appId" type="string">
  <Description>The application id for the app we're managing entitlements on</Description>
</Variable>
<Variable name="entitlementModel">
  <Description>
		The variable which holds the form data and other hidden fields.
		It is passed to the Workflow step call methods for the heavy lifting on connector provisioning
	</Description>
</Variable>
<Variable editable="true" initializer="false" input="true" name="foregroundProvisioning">
  <Description>
    Normally provisioning is done in a step that uses the "background"
    option to force the workflow to be suspend and be resumed in a
    background task thread.  This prevents the browser session from
    hanging since provision can sometimes take a long time.  For demos
    and testing it can be better to do this in the foreground so that
    provisioning will have been performed when control is returned to the
    user.  This prevents having to run the Perform Maintenance task to 
    see the resutls of the request.
  </Description>
</Variable>
  <Step icon="Start" name="start">
    <Transition to="Initialize Variables"/>
  </Step>
  <Step name="Initialize Variables" action="call:initializeWorkflowVariables" posX="184" posY="126">
    <Description>
      	A sets up additional workflow variables
      	This also gets the full display name of the person initiating this entitlement request. 
     </Description>
    <Arg name="launcher" value="ref:launcher"/>
    <Arg name="objectTypeSelectFormName" value="ref:objectTypeSelectFormName"/>
    <Arg name="noObjectTypeSelectFormName" value="ref:noObjectTypeSelectFormName"/>
    <Arg name="formName" value="ref:formName"/>
    <Arg name="confirmationFormName" value="ref:confirmationFormName"/>
    <Arg name="entitlementOperation" value="ref:entitlementOperation"/>
    <Arg name="skipObjectTypeSelectForm" value="ref:skipObjectTypeSelectForm"/>
    <Arg name="skipConfirmationForm" value="ref:skipConfirmationForm"/>
    <Arg name="source" value="ref:source"/>
    <Arg name="requestType" value="ref:requestType"/>
    <Arg name="flow" value="ref:flow"/>
    <Arg name="requesterDisplayName" value="ref:requesterDisplayName"/>
    <Arg name="sendRequestNotifications" value="ref:sendRequestNotifications"/>
   <Transition to="Update Last Action"/>
  </Step>
  <Step name="Update Last Action">
    <Script>
      <Source><![CDATA[
      import sailpoint.rapidapponboarding.rule.EntitlementMgtUtil;
      import sailpoint.rapidapponboarding.rule.EntitlementMgtNotificationLibrary;
      EntitlementMgtUtil.updateLastActionState(context,managedAttributeId, entitlementOperation);
      workflow.put("emailSubject",EntitlementMgtNotificationLibrary.getEmailSubject(context,workflow,"ExpiredSubject","Entitlement Expired Today"));
      ]]></Source>
    </Script>
    <Transition to="Build Entitlement Model"/>
  </Step>
  <Step action="call:getManagedAttributeModel" icon="Task" name="Build Entitlement Model" resultVariable="entitlementModel">
    <Arg name="appId" value="ref:entitlementApplicationId"/>
    <Arg name="type" value="ref:entitlementAttributeType"/>
    <Arg name="value" value="ref:entitlementValue"/>
    <Transition to="Apply Computed Fields To Model"/>
  </Step>
  <Step action="call:updateEntitlementModeler" name="Apply Computed Fields To Model">
    <Arg name="entitlementModel" value="ref:entitlementModel"/>
     <Arg name="entitlementOperation" value="ref:entitlementOperation"/>
    <Transition to="Approve and Provision"/>
  </Step>
  <Step name="Approve and Provision">
    <Arg name="source" value="ref:source"/>
    <Arg name="foregroundProvisioning" value="ref:foregroundProvisioning"/>
    <Arg name="entitlementModel" value="ref:entitlementModel"/>
    <Arg name="flow" value="ref:flow"/>
    <Arg name="transient" value="ref:transient"/>
    <Arg name="trace" value="ref:trace"/>
    <Arg name="entitlementValue" value="ref:entitlementValue"/>
    <Arg name="entitlementAttributeType" value="ref:entitlementAttributeType"/>
    <Arg name="entitlementOperation" value="ref:entitlementOperation"/>
    <Arg name="entitlementApplicationId" value="ref:entitlementApplicationId"/>
    <Arg name="requestType" value="ref:requestType"/>
    <Arg name="sendRequestNotifications" value="ref:sendRequestNotifications"/>
    <Arg name="requesterDisplayName" value="ref:requesterDisplayName"/>
    <Arg name="emailSubject" value="ref:emailSubject"/>
    <Arg name="entitlementDisplayName" value="ref:entitlementDisplayName"/>
    <Return name="plan" to="plan"/>
    <Return name="project" to="project"/>
    <Return name="plans" to="plans"/>
    <Return name="approvalSet" to="approvalSet"/>
    <Return name="changes" to="changes"/>
    <Return name="itemDecision" to="itemDecision"/>
    <Return name="entitlementProvStatus" to="entitlementProvStatus"/>
    <Return name="entitlementProvErros" to="entitlementProvErros"/>
    <WorkflowRef>
      <Reference class="sailpoint.object.Workflow" name="Workflow-Entitlement-Mgmt-Approve-Provision"/>
    </WorkflowRef>
     <Transition to="Update Last Action Processed" when="script:&quot;APPROVE&quot;.equals(itemDecision);"/>
    <Transition to="end"/>
  </Step>
  <Step name="Update Last Action Processed">
    <Script>
      <Source><![CDATA[
      import sailpoint.rapidapponboarding.rule.EntitlementMgtUtil;
      EntitlementMgtUtil.updateLastActionState(context,managedAttributeId,entitlementOperation+" Processed");
      ]]></Source>
    </Script>
   <Transition to="Notify on Expired Completion"/>
  </Step>
  <Step name="Notify on Expired Completion" action="call:sendEmail" icon="Email" >
   <Arg name="to">
		<Script>
			<Source>
			<![CDATA[
			import sailpoint.rapidapponboarding.rule.EntitlementMgtNotificationLibrary;
        	EntitlementMgtNotificationLibrary.getEffectiveEmailsCsv(context, systemEntOwners);
				]]>
	  		</Source>
		 </Script>
	</Arg>
	<Arg name="template" >
      <Script>
        <Source>
            import sailpoint.rapidapponboarding.rule.EntitlementMgtNotificationLibrary;
        	EntitlementMgtNotificationLibrary.getGlobalDefinitionEmailTemplate(context, project, "Expired", entitlementModel);
        </Source>
      </Script>
    </Arg>
     <Arg name="dynamicAppContent">
      	<Script>
			<Source>
			   import sailpoint.rapidapponboarding.rule.EntitlementMgtNotificationLibrary;
			   return EntitlementMgtNotificationLibrary.generateDynamicTextEmailTemplate(context,project,"Expired",requestType,entitlementModel);
	  		</Source>
		</Script>
   	</Arg>
   	<Arg name="emailSubject" value="ref:emailSubject"/>
   	 <Arg name="entitlementDisplayName" value="ref:entitlementDisplayName"/>
   	<Arg name="entitlementModel" value="ref:entitlementModel"/>
   	<Arg name="changes" value="ref:changes"/>
  	<Arg name="requestType" value="ref:requestType"/>
    <Arg name="entitlementOperation" value="ref:entitlementOperation"/>
   	<Arg name="flow" value="ref:flow"/>
   	<Arg name="source" value="ref:source"/>
   	<Arg name="requesterDisplayName" value="ref:requesterDisplayName"/>
   	 <Transition to="end"/>
  </Step>
  <Step catches="complete" icon="Catches" name="Finally">
    <Script>
      <Source><![CDATA[
      ]]></Source>
    </Script>
    <Transition to="end"/>
  </Step>
  <Step icon="Stop" name="end"/>
</Workflow>