<?xml version='1.0' encoding='UTF-8'?>
<!DOCTYPE Workflow PUBLIC "sailpoint.dtd" "sailpoint.dtd">
<Workflow explicitTransitions="true"
	handler="sailpoint.api.StandardWorkflowHandler" name="Workflow-Entitlement-Mgmt-Global" type="LCMProvisioning">
	 <Description>Entitlement Management Workflow</Description>
	<Variable initializer="true" name="transient">
	</Variable>
	  <Variable name="confirmationForm">
    <Description>
      A form that gets displayed for confirming the registration.
    </Description>
  </Variable>
  	<Variable name="acceleratorPackSectionAttributes">
	</Variable>
  	<Variable initializer="false" name="trace">
		<Description>
			Used for debugging this workflow and when set to true
			trace
			will be sent to stdout.
		</Description>
	</Variable>
	<Variable initializer="ref:launcher" name="owner">
		<Description>Name of the user that will recieve the forms.</Description>
	</Variable>
  <Variable name="globalAcceleratorPackEntMgtForm">
   <Script>
	     <Source>
	     <![CDATA[
	     	return "Form-Entitlement-Mgmt-Global";
				]]>
	      </Source>
	 </Script>
    </Variable>
	<Variable name="globalAcceleratorPackEntMgtModelMap">
	</Variable>
	<Variable name="acceleratorPackIsWizard">
	</Variable>
   	<RuleLibraries>
		<Reference class="sailpoint.object.Rule" name="Rule-Entitlement-Mgmt-Global-RuleLibrary" />		
	</RuleLibraries>
 	<Step icon="Start" name="Start" posX="28" posY="10">
		<Transition to="Layout Selection Form" />
	</Step>
	<Step name="Layout Selection Form">
	<Approval name="Layout Approval" owner="ref:launcher"  return="acceleratorPackIsWizard">
 	<Form  name="Layout Form" type="Workflow">
     <Description>Layout</Description>
	   <Section label="entitlementmanagement_global_layout" name="apLayout">
	     <Field displayName="entitlementmanagement_global_layout_def" name="acceleratorPackIsWizard"  required="true">
	    <AllowedValuesDefinition>
        <Script>
          <Source><![CDATA[
			List list = new ArrayList();	
			List displayList = new ArrayList();
			displayList.add("True");
			displayList.add("Wizard");
			list.add(displayList);
			displayList = new ArrayList();
			displayList.add("False");
			displayList.add("One Page");
			list.add(displayList);
			return list;
			]]></Source>
        </Script>
      </AllowedValuesDefinition>
	     </Field>
	 </Section>
		 <!--BUTTONS-->
	 <Button action="cancel" label="entitlementmanagement_global_layout_button_cancel"/>
	 <Button action="next" label="entitlementmanagement_global_layout_button_next"/>
	</Form>
    </Approval>
	<Transition to="End" when="!approved" />
    <Transition to="Get Accelerator Pack Section Form Properties" when="approved" />
	</Step>
	<Step  name="Get Accelerator Pack Section Form Properties" resultVariable="acceleratorPackSectionAttributes">
	<Script>
	     <Source>
	     <![CDATA[
	       	return initializeSectionAttributes(acceleratorPackIsWizard);
	      	]]>
	      </Source>
	 </Script>
		<Transition to="Initialize" />
	</Step>
	<Step name="Initialize" >
		<Script>
	     <Source>
	      <![CDATA[
			initializeglobalAcceleratorPackEntMgtModelMap(workflow);
			]]>
	      </Source>
	 </Script>
		<Transition to="Show AcceleratorPack Global Form" />
	</Step>
	<Step name="Show AcceleratorPack Global Form">
	<Approval mode="serial" owner="ref:launcher" return="globalAcceleratorPackEntMgtModelMap" send="acceleratorPackSectionAttributes,acceleratorPackIsWizard">
 	 <Arg name="workItemFormBasePath" value="globalAcceleratorPackEntMgtModelMap"/>    
 	 <Arg name="workItemType" value="Form"/>
     <Arg name="workItemDescription" value="AcceleratorPack Global Entitlement Configurations"/>
     <Arg name="workItemForm" value="ref:globalAcceleratorPackEntMgtForm"/>
    </Approval>
   <Transition to="Build Confirmation Form" when="approved" />
<Transition to="End" />
	</Step>
<Step action="call:buildReadOnlyForm" name="Build Confirmation Form" resultVariable="confirmationForm" >
    <Arg name="form" value="ref:globalAcceleratorPackEntMgtForm"/>
     <Arg name="nextButtonLabel" value="entitlementmanagement_global_layout_button_save"/>
     <Arg name="backButtonLabel" value="entitlementmanagement_global_layout_button_back"/>
     <Arg name="cancelButtonLabel" value="entitlementmanagement_global_layout_button_cancel"/>
    <Description>
       Create the confirmation form to be displayed.
    </Description>
    <Transition to="Confirmation Form"/>
  </Step>
  <Step icon="Approval" name="Confirmation Form" >
    <Approval mode="serial" owner="ref:launcher" return="globalAcceleratorPackEntMgtModelMap" send ="acceleratorPackSectionAttributes">
      <Arg name="workItemType" value="Form"/>
      <Arg name="workItemDescription" value="Confirmation form"/>
      <Arg name="workItemForm" value="ref:confirmationForm"/>
      <Arg name="workItemFormBasePath" value="globalAcceleratorPackEntMgtModelMap"/>
    </Approval>
    <Description>
       Display the confirmation form.
    </Description>
    <Transition to="Show AcceleratorPack Global Form" when="!approved"/>
    <Transition to="Save" when="approved"/>
  </Step>
	<Step name="Save">
		<Script>
			<Source>
				<![CDATA[ 
				saveAllConfigurations(globalAcceleratorPackEntMgtModelMap);
		    	]]>
			</Source>
		</Script>
	<Transition to="End" />
	</Step>
	<Step icon="Stop" name="End"/>
</Workflow>
