<?xml version="1.0" encoding="UTF-8"?>
<!DOCTYPE Identity PUBLIC "sailpoint.dtd" "sailpoint.dtd">
<Identity name="No Manager Found" workgroup="true">
  <Attributes>
    <Map>
      <entry key="displayName" value="No Manager Found"/>
    </Map>
  </Attributes>
  <Owner>
    <Reference class="sailpoint.object.Identity" name="spadmin"/>
  </Owner>
  <Preferences>
    <Map>
      <entry key="workgroupNotificationOption">
        <value>
          <WorkgroupNotifationOption>Both</WorkgroupNotifationOption>
        </value>
      </entry>
    </Map>
  </Preferences>
</Identity>
