<?xml version='1.0' encoding='UTF-8'?>
<!DOCTYPE sailpoint PUBLIC 'sailpoint.dtd' 'sailpoint.dtd'>
<sailpoint>
<ImportAction name='include' value='EntitlementManagement/GroupManagement/Configure/QuickLinksAndDynamicScopes-Entitlement-Mgmt.xml'/>
<ImportAction name='include' value='EntitlementManagement/GroupManagement/Configure/Configure-Entitlement-Mgmt-ApprovalFrameWorkMappings.xml'/>
<ImportAction name='include' value='EntitlementManagement/GroupManagement/Configure/Configuration-Entitlement-Mgmt-EmailTextMapping.xml'/>
<ImportAction name='include' value='EntitlementManagement/GroupManagement/Configure/Configure-Entitlement-Mgmt-Config.xml'/>
<ImportAction name='include' value='EntitlementManagement/GroupManagement/Configure/Workgroup-Group-Management-Technical-Team.xml'/>
<ImportAction name='include' value='EntitlementManagement/GroupManagement/Configure/Workgroup-Global-Entitlement-Administrator.xml'/>
<ImportAction name='include' value='EntitlementManagement/GroupManagement/Configure/Taskdefinition-Entitlement-Mgmt-Expiring.xml'/>
<ImportAction name='include' value='EntitlementManagement/GroupManagement/Configure/Taskdefinition-Entitlement-Mgmt-Expired.xml'/>
<ImportAction name='include' value='EntitlementManagement/GroupManagement/Configure/Taskdefinition-Entitlement-Mgmt-Orphan.xml'/>
<ImportAction name='include' value='EntitlementManagement/GroupManagement/Configure/Taskdefinition-Entitlement-Mgmt-Hierarchy.xml'/>
<ImportAction name='include' value='EntitlementManagement/GroupManagement/Configure/Taskdefinition-Entitlement-Mgmt-Synchronization-Groups.xml'/>
<ImportAction name='include' value='EntitlementManagement/GroupManagement/Configure/Taskdefinition-Entitlement-Mgmt-Synchronization-Groups-Membership.xml'/>
<ImportAction name='include' value='EntitlementManagement/GroupManagement/Configure/EmailTemplate-Entitlement-Mgmt-FrameworkFooter.xml'/>
<ImportAction name='include' value='EntitlementManagement/GroupManagement/Configure/EmailTemplate-Entitlement-Mgmt-FrameworkHeader.xml'/>
<ImportAction name='include' value='EntitlementManagement/GroupManagement/Configure/EmailTemplate-Entitlement-Mgmt-FrameworkStyleSheet.xml'/>
<ImportAction name='include' value='EntitlementManagement/GroupManagement/Configure/Configuration-Ent-Mgt-Electronic-Signature.xml'/>
<ImportAction name='include' value='EntitlementManagement/GroupManagement/Configure/Rule-Entitlement-Mgmt-Synchronize-Groups-Membership.xml'/>
<ImportAction name='include' value='EntitlementManagement/GroupManagement/Configure/Rule-Entitlement-Mgmt-Synchronize-Groups.xml'/>
<ImportAction name='include' value='EntitlementManagement/GroupManagement/Source/Identity-Group-Management.xml'/>
<ImportAction name='include' value='EntitlementManagement/GroupManagement/Source/ObjectConfig-Application.xml'/>
<ImportAction name='include' value='EntitlementManagement/GroupManagement/Source/ObjectConfig-Managedattribute.xml'/>
<ImportAction name='include' value='EntitlementManagement/GroupManagement/Source/ObjectConfig-Link.xml'/>
<ImportAction name='include' value='EntitlementManagement/GroupManagement/Source/ObjectConfig-CertificationItem.xml'/>
<ImportAction name='include' value='EntitlementManagement/GroupManagement/Source/Rule-Entitlement-Catalog-Hide.xml'/>
<ImportAction name='include' value='EntitlementManagement/GroupManagement/Source/Rule-Entitlement-Mgmt-Hide.xml'/>
<ImportAction name='include' value='EntitlementManagement/GroupManagement/Source/Rule-Entitlement-Mgmt-FrameWork-GetApprovalTypes.xml'/>
<ImportAction name='include' value='EntitlementManagement/GroupManagement/Source/Rule-Entitlement-Mgmt-ApprovalLibrary.xml'/>
<ImportAction name='include' value='EntitlementManagement/GroupManagement/Source/Rule-Entitlement-Mgmt-Expiring.xml'/>
<ImportAction name='include' value='EntitlementManagement/GroupManagement/Source/Rule-Entitlement-Mgmt-Orphan.xml'/>
<ImportAction name='include' value='EntitlementManagement/GroupManagement/Source/Rule-Entitlement-Mgmt-Hierarchy.xml'/>
<ImportAction name='include' value='EntitlementManagement/GroupManagement/Source/Rule-Entitlement-Mgmt-Membership-Removal-Expired.xml'/>
<ImportAction name='include' value='EntitlementManagement/GroupManagement/Source/Rule-Entitlement-Mgmt-Leaver-Owner-Sync.xml'/>
<ImportAction name='include' value='EntitlementManagement/GroupManagement/Source/Rule-Entitlement-Mgmt-Global-RuleLibrary.xml'/>
<ImportAction name='include' value='EntitlementManagement/GroupManagement/Source/Workflow-Entitlement-Mgmt-Expiring.xml'/>
<ImportAction name='include' value='EntitlementManagement/GroupManagement/Source/Workflow-Entitlement-Mgmt-Expired.xml'/>
<ImportAction name='include' value='EntitlementManagement/GroupManagement/Source/Workflow-Entitlement-Mgmt-Orphan.xml'/>
<ImportAction name='include' value='EntitlementManagement/GroupManagement/Source/Workflow-Entitlement-Mgmt-Approve-Provision.xml'/>
<ImportAction name='include' value='EntitlementManagement/GroupManagement/Source/Workflow-Subprocess-Entitlement-Mgmt-Approvals.xml'/>
<ImportAction name='include' value='EntitlementManagement/GroupManagement/Source/Workflow-Entitlement-Mgmt-Create.xml'/>
<ImportAction name='include' value='EntitlementManagement/GroupManagement/Source/Workflow-Entitlement-Mgmt-Edit.xml'/>
<ImportAction name='include' value='EntitlementManagement/GroupManagement/Source/Workflow-Entitlement-Mgmt-Global.xml'/>
<ImportAction name='include' value='EntitlementManagement/GroupManagement/Source/Workflow-Entitlement-Mgmt-Leaver-Sync-Owner.xml'/>
<ImportAction name='include' value='EntitlementManagement/GroupManagement/Source/CapabilitiesAndRights-Entitlement-Mgmt.xml'/>
<ImportAction name='include' value='EntitlementManagement/GroupManagement/Source/Configuration-AuditConfig.xml'/>
<ImportAction name='include' value='EntitlementManagement/GroupManagement/Source/Configuration-SystemConfiguration.xml'/>
<ImportAction name='include' value='EntitlementManagement/GroupManagement/Source/Form-Entitlement-Mgmt-LeaverSyncEntitlement.xml'/>
<ImportAction name='include' value='EntitlementManagement/GroupManagement/Source/Form-Entitlement-Mgmt-CreateEntitlement.xml'/>
<ImportAction name='include' value='EntitlementManagement/GroupManagement/Source/Form-Entitlement-Mgmt-EditEntitlement.xml'/>
<ImportAction name='include' value='EntitlementManagement/GroupManagement/Source/Form-Entitlement-Mgmt-ExpiringEntitlement.xml'/>
<ImportAction name='include' value='EntitlementManagement/GroupManagement/Source/Form-Entitlement-Mgmt-OrphanEntitlement.xml'/>
<ImportAction name='include' value='EntitlementManagement/GroupManagement/Source/Form-Entitlement-Mgmt-EntitlementSelect.xml'/>
<ImportAction name='include' value='EntitlementManagement/GroupManagement/Source/Form-Entitlement-Mgmt-ObjectTypeSelect.xml'/>
<ImportAction name='include' value='EntitlementManagement/GroupManagement/Source/Form-Entitlement-Mgmt-No-Provisioning-Form.xml'/>
<ImportAction name='include' value='EntitlementManagement/GroupManagement/Source/Form-Entitlement-Mgmt-NoObjectTypeSelect.xml'/>
<ImportAction name='include' value='EntitlementManagement/GroupManagement/Source/Form-Entitlement-Mgmt-Global.xml'/>
<ImportAction name='include' value='EntitlementManagement/GroupManagement/Source/Form-Entitlement-Mgmt-Manual.xml'/>
<ImportAction name='include' value='EntitlementManagement/GroupManagement/Source/Form-OpenLDAP-Create-Group.xml'/>
<ImportAction name='include' value='EntitlementManagement/GroupManagement/Source/Form-OpenLDAP-Update-Group.xml'/>
<ImportAction name='include' value='EntitlementManagement/GroupManagement/Source/Form-ActiveDirectory-Create-Group.xml'/>
<ImportAction name='include' value='EntitlementManagement/GroupManagement/Source/Form-ActiveDirectory-Update-Group.xml'/>
<ImportAction name='include' value='EntitlementManagement/GroupManagement/Source/Form-LDAP-Update-Group.xml'/>
<ImportAction name='include' value='EntitlementManagement/GroupManagement/Source/Form-LDAP-Create-Group.xml'/>
<ImportAction name='include' value='EntitlementManagement/GroupManagement/Source/Pop-Entitlement-Mgmt-Admins.xml'/>
<ImportAction name='include' value='EntitlementManagement/GroupManagement/Source/Pop-Entitlement-Mgmt-Owners.xml'/>
<ImportAction name='include' value='EntitlementManagement/GroupManagement/Source/Pop-Entitlement-Mgmt-Employees.xml'/>
<ImportAction name='include' value='EntitlementManagement/GroupManagement/Source/EmailTemplate-Entitlement-Mgmt-FrameworkApproval.xml'/>
<ImportAction name='include' value='EntitlementManagement/GroupManagement/Source/EmailTemplate-Entitlement-Mgmt-FrameworkAutoRejection.xml'/>
<ImportAction name='include' value='EntitlementManagement/GroupManagement/Source/EmailTemplate-Entitlement-Mgmt-FrameworkEscalation.xml'/>
<ImportAction name='include' value='EntitlementManagement/GroupManagement/Source/EmailTemplate-Entitlement-Mgmt-FrameworkRejection.xml'/>
<ImportAction name='include' value='EntitlementManagement/GroupManagement/Source/EmailTemplate-Entitlement-Mgmt-FrameworkReminder.xml'/>
<ImportAction name='include' value='EntitlementManagement/GroupManagement/Source/EmailTemplate-Entitlement-Mgmt-FrameworkRequestCompletion.xml'/>
<ImportAction name='include' value='EntitlementManagement/GroupManagement/Source/EmailTemplate-Entitlement-Mgmt-FrameworkRequestSubmission.xml'/>
<ImportAction name='include' value='EntitlementManagement/GroupManagement/Source/EmailTemplate-Entitlement-Mgmt-FrameworkPendingManualChanges.xml'/>
<ImportAction name='include' value='EntitlementManagement/GroupManagement/Source/EmailTemplate-Entitlement-Mgmt-FrameworkExpiring.xml'/>
<ImportAction name='include' value='EntitlementManagement/GroupManagement/Source/EmailTemplate-Entitlement-Mgmt-FrameworkExpired.xml'/>
<ImportAction name='include' value='EntitlementManagement/GroupManagement/Source/EmailTemplate-Entitlement-Mgmt-FrameworkLeaverSync.xml'/>
<ImportAction name='include' value='EntitlementManagement/GroupManagement/Source/EmailTemplate-Entitlement-Mgmt-FrameworkOrphan.xml'/>
<ImportAction name='include' value='EntitlementManagement/GroupManagement/Source/Rule-Framework-Entitlement-Mgmt-Header-Footer-StyleSheet.xml'/>
<ImportAction name='include' value='EntitlementManagement/GroupManagement/Source/Rule-FrameworkEntitlementMgtEscalationType.xml'/>
<ImportAction name='include' value='EntitlementManagement/GroupManagement/Source/Workgroup-NoManagerFound.xml'/>
<ImportAction name='include' value='EntitlementManagement/GroupManagement/Source/Identity-Group-Management.xml'/>
</sailpoint>
